,Name,Address,Price,Area,Configuration,Floor,Facing,Overlooking,Property Age,URL,Nearby Places,details,Sector
347,"Huda Sector, Gurgaon","Huda Sector, Gurgaon","₹ 3.1 Crore
@ 11,367 per sq.ft. (Negotiable) View Price Details","Carpet area: 2727
(253.35 sq.m.)  
sq.ft.","4 Bedrooms , 4 Bathrooms, 3+ Balconies with Pooja Room,Servant Room",3rd   of 4 Floors,North,Main Road,0 to 1 Year Old,https://www.99acres.com/4-bhk-bedroom-independent-builder-floor-for-sale-in-huda-sector-gurgaon-2727-sq-ft-r1-spid-C81562707,['Sector metro station\nSector metro station\nSector 54 chowk metro station\nHong Kong Bazaar Mall\nSanatan Dharm Mandir'],"{'Property Ownership': ':, Freehold', 'Furnishing': ':, Semifurnished', 'Gated Community': ':, Yes', 'Parking': ':, 2 Covered', 'Water Source': ':, 24*7 Water', 'Power Backup': ':, None', 'Property Code': ':, C81562707'}",Unknown
458,"Dharam Colony, Gurgaon","Dharam Colony, Gurgaon","₹ 1.8 Crore
@ 79,646 per sq.ft. (All inclusive) View Price Details","Carpet area: 226
(21 sq.m.)  
sq.ft.","4 Bedrooms , 4 Bathrooms, 2 Balconies with Pooja Room,Store Room,Study Room,Servant Room",2nd   of 2 Floors,,,1 to 5 Year Old,https://www.99acres.com/4-bhk-bedroom-independent-builder-floor-for-sale-in-dharam-colony-gurgaon-226-sq-ft-spid-C83401342,['Palam triangle\nPalam Vihar Vyapar kendra\nHUDA Sector 23 Market\nRam Mandir\nSheetla Mata Mandir\nKalyan Hospital Gurgaon'],"{'Property Ownership': ':, Freehold', 'Furnishing': ':, Semifurnished', 'Parking': ':, 1 Covered, 1 Open', 'Power Backup': ':, None', 'Property Code': ':, C83401342'}",Dharam Colony
782,Suncity Vatsal Valley,"Suncity Vatsal Valley
Gwal Pahari, Gurgaon","₹ 1.9 Crore+ Govt Charges & Tax
@ 13,286 per sq.ft. (All inclusive, Negotiable) View Price Details","Super Built up area 1430
(132.85 sq.m.)  
sq.ft.","3 Bedrooms , 3 Bathrooms, 2 Balconies with Pooja Room,Servant Room",4th   of 4 Floors,East,"Park/Garden,Main Road,Others",1 to 5 Year Old,https://www.99acres.com/3-bhk-bedroom-apartment-flat-for-sale-in-suncity-vatsal-valley-gwal-pahari-gurgaon-1430-sq-ft-spid-C82833520,['Sector 55-56 Metro Station\nSector 54 Chowk Metro Station\nCentral Plaza Mall\nFaridabad - Gurgaon Road\nBadshahpur Sohna Rd Hwy'],"{'Transaction Type': ':, Resale', 'Property Ownership': ':, Freehold', 'Flooring': ':, Marble', 'Furnishing': ':, Semifurnished', 'Gated Community': ':, Yes', 'Parking': ':, 1 Covered, 1 Open', 'WheelChair Friendly': ':, Yes', 'Pet Friendly': ':, Yes', 'Water Source': ':, Municipal corporation,Borewell/Tank,24*7 Water', 'Power Backup': ':, Full', 'Property Code': ':, C82833520'}",Gwal Pahari
1028,"Mianwali Colony, Gurgaon","Mianwali Colony, Gurgaon","₹ 1.45 Crore+ Govt Charges & Tax
@ 8,055 per sq.ft. (All inclusive, Negotiable) View Price Details","Carpet area: 1800
(167.23 sq.m.)  
sq.ft.","3 Bedrooms , 3 Bathrooms, 1 Balcony with Pooja Room",2nd   of 4 Floors,,,1 to 5 Year Old,https://www.99acres.com/3-bhk-bedroom-independent-builder-floor-for-sale-in-mianwali-colony-gurgaon-1800-sq-ft-spid-C83448036,['Hanuman Mandir\nSheetla Mata Mandir\nM Goel Hospital\nDental Health Centre\nLall Nursing and Maternity Home'],"{'Property Ownership': ':, Freehold', 'Furnishing': ':, Semifurnished', 'Parking': ':, 1 Covered', 'Power Backup': ':, None', 'Property Code': ':, C83448036'}",Unknown
1337,"Sohna, Gurgaon","Sohna, Gurgaon","₹ 1.4 Crore
@ 10,475 per sq.ft. (All inclusive) View Price Details","Super Built up area 1093
(101.54 sq.m.)  
sq.ft.","2 Bedrooms , 2 Bathrooms, 3 Balconies with Study Room",1st   of 2 Floors,East,"Park/Garden,Pool,Club,Main Road,Others",0 to 1 Year Old,https://www.99acres.com/2-bhk-bedroom-independent-builder-floor-for-sale-in-sohna-gurgaon-1093-sq-ft-r21-spid-U56000726,['Sri Radhe Krishna Temple\nIcici bank ATM\nStandard chartered ATM\nSanjeevani Hospital Gurgaon\nSona Devi Memorial Hospital and Trauma Centre'],"{'Property Ownership': ':, Freehold', 'Flooring': ':, Marble', 'Furnishing': ':, Semifurnished', 'Width of facing road': ':, 36.0 Feet', 'Gated Community': ':, Yes', 'Corner Property': ':, Yes', 'Parking': ':, 1 Open', 'WheelChair Friendly': ':, Yes', 'Pet Friendly': ':, Yes', 'Water Source': ':, Municipal corporation,Borewell/Tank', 'Power Backup': ':, Full', 'Property Code': ':, U56000726'}",Sohna Road
1407,K BLOCK,"K BLOCK
DLF Phase 2, Gurgaon","₹ 2.75 Crore+ Govt Charges & Tax
@ 91,666 per sq.yards (Negotiable) View Price Details","Carpet area: 300
(250.84 sq.m.)  
sq.yards","3 Bedrooms , 3 Bathrooms, 2 Balconies with Servant Room",2nd   of 3 Floors,North,Main Road,10+ Year Old,https://www.99acres.com/3-bhk-bedroom-independent-builder-floor-for-sale-in-dlf-phase-2-gurgaon-2700-sq-ft-spid-E76945071,['Mg road metro station\nSikandarpur metro station\nSikanderpur metro station\nSikandarpur rmrg metro station\nVodafone belvedere towers metro station'],"{'Property Ownership': ':, Freehold', 'Flooring': ':, Marble', 'Furnishing': ':, Unfurnished', 'Width of facing road': ':, 39.4 Feet', 'Gated Community': ':, Yes', 'Parking': ':, 1 Open', 'Pet Friendly': ':, Yes', 'Water Source': ':, Municipal corporation,24*7 Water', 'Power Backup': ':, None', 'Property Code': ':, E76945071'}", k
1557,Sushant lok 3,"Sushant lok 3
Sushant Lok 3 Extension, Gurgaon","₹ 3.2 Crore
@ 14,814 per sq.ft. (All inclusive, Negotiable)","Super Built up area 2160
(200.67 sq.m.)
Built Up area: 1960 sq.ft. (182.09 sq.m.)
Carpet area: 1836 sq.ft. (170.57 sq.m.)  
sq.ft.","4 Bedrooms , 4 Bathrooms, 2 Balconies with Pooja Room,Servant Room",3rd   of 4 Floors,East,,0 to 1 Year Old,https://www.99acres.com/4-bhk-bedroom-independent-builder-floor-for-sale-in-sushant-lok-3-extension-gurgaon-2160-sq-ft-spid-V82741732,['Hong Kong Bazaar Mall\nRadhakrishna Shani Mandir\nSanatan Dharm Mandir\nIcici bank ATM\nState bank ATM'],"{'Property Ownership': ':, Freehold', 'Flooring': ':, Marble', 'Furnishing': ':, Semifurnished', 'Width of facing road': ':, 39.4 Feet', 'Gated Community': ':, Yes', 'Parking': ':, 2 Covered, 1 Open', 'WheelChair Friendly': ':, Yes', 'Pet Friendly': ':, Yes', 'Water Source': ':, 24*7 Water,Borewell/Tank', 'Power Backup': ':, Partial', 'Property Code': ':, V82741732'}", sushant
1655,"DLF Cyber City, Gurgaon","DLF Cyber City, Gurgaon","₹ 3.5 Crore+ Govt Charges & Tax
@ 18,087 per sq.ft. (All inclusive, Negotiable) View Price Details","Super Built up area 1935
(179.77 sq.m.)
Built Up area: 1800 sq.ft. (167.23 sq.m.)
Carpet area: 1644 sq.ft. (152.73 sq.m.)  
sq.ft.","3 Bedrooms , 3 Bathrooms, 2 Balconies with Pooja Room,Servant Room",3rd   of 4 Floors,North-East,"Park/Garden,Main Road",0 to 1 Year Old,https://www.99acres.com/3-bhk-bedroom-independent-builder-floor-for-sale-in-dlf-cyber-city-gurgaon-1935-sq-ft-spid-F80656947,['Sikandarpur metro station\nSikanderpur metro station\nSikandarpur rmrg metro station\nDlf phase 2 metro station\nMg road metro station'],"{'Property Ownership': ':, Freehold', 'Flooring': ':, Marble', 'Furnishing': ':, Semifurnished', 'Width of facing road': ':, 32.8 Feet', 'Gated Community': ':, Yes', 'Parking': ':, 1 Covered, 1 Open', 'WheelChair Friendly': ':, Yes', 'Pet Friendly': ':, Yes', 'Water Source': ':, Borewell/Tank,24*7 Water,Municipal corporation', 'Power Backup': ':, Full', 'Property Code': ':, F80656947'}",DLF Cyber City
1819,Suncity Vatsal Valley,"Suncity Vatsal Valley
Gwal Pahari, Gurgaon","₹ 1.53 Crore+ Govt Charges & Tax
@ 13,500 per sq.ft. (Negotiable)","Super Built up area 1130
(104.98 sq.m.)  
sq.ft.","2 Bedrooms , 2 Bathrooms, 2 Balconies",2nd   of 4 Floors,North-East,"Park/Garden,Club,Main Road",0 to 1 Year Old,https://www.99acres.com/2-bhk-bedroom-independent-builder-floor-for-sale-in-suncity-vatsal-valley-gwal-pahari-gurgaon-1130-sq-ft-spid-K82261374,['Sector 55-56 Metro Station\nSector 54 Chowk Metro Station\nCentral Plaza Mall\nFaridabad - Gurgaon Road\nBadshahpur Sohna Rd Hwy'],"{'Property Ownership': ':, Freehold', 'Flooring': ':, Marble', 'Furnishing': ':, Semifurnished', 'Gated Community': ':, Yes', 'Corner Property': ':, Yes', 'Parking': ':, 1 Covered, 2 Open', 'WheelChair Friendly': ':, Yes', 'Pet Friendly': ':, Yes', 'Water Source': ':, 24*7 Water,Borewell/Tank,Municipal corporation', 'Power Backup': ':, Full', 'Property Code': ':, K82261374'}",Gwal Pahari
1835,"DLF Cyber City, Gurgaon","DLF Cyber City, Gurgaon","₹ 4.5 Crore
@ 21,428 per sq.ft. (Negotiable) View Price Details","Carpet area: 2100
(195.1 sq.m.)  
sq.ft.","4 Bedrooms , 4 Bathrooms, 2 Balconies with Pooja Room,Servant Room",1st   of 4 Floors,North,"Main Road,Others",0 to 1 Year Old,https://www.99acres.com/4-bhk-bedroom-independent-builder-floor-for-sale-in-dlf-cyber-city-gurgaon-2100-sq-ft-r1-spid-S81199181,['Vodafone belvedere towers metro station\nMg road metro station\nDlf phase 2 metro station\nSikandarpur metro station'],"{'Property Ownership': ':, Freehold', 'Flooring': ':, Marble', 'Furnishing': ':, Semifurnished', 'Width of facing road': ':, 39.4 Feet', 'Parking': ':, 2 Covered, 1 Open', 'WheelChair Friendly': ':, Yes', 'Pet Friendly': ':, Yes', 'Water Source': ':, Municipal corporation,24*7 Water', 'Power Backup': ':, None', 'Property Code': ':, S81199181'}",DLF Cyber City
1887,"DLF Cyber City, Gurgaon","DLF Cyber City, Gurgaon","₹ 4.25 Crore
@ 21,963 per sq.ft. (Negotiable) View Price Details","Carpet area: 1935
(179.77 sq.m.)  
sq.ft.","4 Bedrooms , 4 Bathrooms, 2 Balconies",4th   of 4 Floors,North,Main Road,1 to 5 Year Old,https://www.99acres.com/4-bhk-bedroom-independent-builder-floor-for-sale-in-dlf-cyber-city-gurgaon-1935-sq-ft-spid-W83413242,['Indusind bank cyber city metro station\nVodafone belvedere towers metro station\nDlf phase 3 metro station\nMicromax moulsari avenue metro station'],"{'Property Ownership': ':, Freehold', 'Flooring': ':, Marble', 'Furnishing': ':, Semifurnished', 'Width of facing road': ':, 39.4 Feet', 'Gated Community': ':, Yes', 'Corner Property': ':, Yes', 'Parking': ':, 2 Covered, 2 Open', 'WheelChair Friendly': ':, Yes', 'Pet Friendly': ':, Yes', 'Water Source': ':, Municipal corporation', 'Power Backup': ':, Partial', 'Property Code': ':, W83413242'}",DLF Cyber City
1988,"Pragati Hills Society, Gurgaon","Pragati Hills Society, Gurgaon","₹ 2.75 Crore+ Govt Charges & Tax
@ 11,956 per sq.ft. (All inclusive, Negotiable) View Price Details","Carpet area: 2300
(213.68 sq.m.)  
sq.ft.","3 Bedrooms , 3 Bathrooms, 3 Balconies with Pooja Room",8th   of 12 Floors,North-East,"Park/Garden,Main Road,Others",5 to 10 Year Old,https://www.99acres.com/3-bhk-bedroom-independent-builder-floor-for-sale-in-pragati-hills-society-gurgaon-2300-sq-ft-spid-K83099532,"[""Raheja Mall\nRajiv Chowk Mosque\nStandard chartered ATM\nIcici bank ATM\nDR AKRAM JAWED'S THE UPPER LIMB CLINIC""]","{'Property Ownership': ':, Freehold', 'Flooring': ':, Marble', 'Furnishing': ':, Semifurnished', 'Width of facing road': ':, 12.0 Feet', 'Gated Community': ':, Yes', 'Corner Property': ':, Yes', 'WheelChair Friendly': ':, Yes', 'Pet Friendly': ':, Yes', 'Water Source': ':, Municipal corporation,24*7 Water', 'Power Backup': ':, Full', 'Property Code': ':, K83099532'}",Unknown
2013,"Ramgarh, Gurgaon","Ramgarh, Gurgaon","₹ 2.9 Crore
@ 96,666 per sq.yards (Negotiable) View Price Details","Carpet area: 300
(250.84 sq.m.)  
sq.yards","4 Bedrooms , 4 Bathrooms, 2 Balconies with Servant Room",3rd   of 4 Floors,North-West,"Main Road,Park/Garden,Others",1 to 5 Year Old,https://www.99acres.com/4-bhk-bedroom-independent-builder-floor-for-sale-in-ramgarh-gurgaon-2700-sq-ft-spid-J82829854,['Sri Radhe Krishna Temple\nKamal Hospital and Maternity Centre\nGobind Hospital\nSona Devi Memorial Hospital and Trauma Centre'],"{'Property Ownership': ':, Freehold', 'Furnishing': ':, Semifurnished', 'Width of facing road': ':, 39.4 Feet', 'Gated Community': ':, Yes', 'Pet Friendly': ':, Yes', 'Water Source': ':, 24*7 Water', 'Power Backup': ':, None', 'Property Code': ':, J82829854'}",Unknown
2357,"Urban Estate, Gurgaon","Urban Estate, Gurgaon","₹ 2.25 Crore
@ 10,000 per sq.ft. (All inclusive, Negotiable) View Price Details","Built Up area: 2250
(209.03 sq.m.)
Carpet area: 1450 sq.ft. (134.71 sq.m.)  
sq.ft.","3 Bedrooms , 3 Bathrooms, 2 Balconies",2nd   of 4 Floors,North-East,Park/Garden,1 to 5 Year Old,https://www.99acres.com/3-bhk-bedroom-independent-builder-floor-for-sale-in-urban-estate-gurgaon-2250-sq-ft-spid-I81384737,['Chintapurni Mandir\nState bank ATM\nKr Dental Hub\nJain Sant Phool Chand Ji Charitable Hospital\nDr. Ashok Jain'],"{'Property Ownership': ':, Freehold', 'Flooring': ':, Marble', 'Furnishing': ':, Semifurnished', 'Width of facing road': ':, 30.0 Feet', 'Gated Community': ':, Yes', 'Parking': ':, 1 Covered, 1 Open', 'WheelChair Friendly': ':, Yes', 'Pet Friendly': ':, Yes', 'Power Backup': ':, None', 'Property Code': ':, I81384737'}",Unknown
2358,"Urban Estate, Gurgaon","Urban Estate, Gurgaon","₹ 2.1 Crore
@ 9,333 per sq.ft. (All inclusive, Negotiable) View Price Details","Built Up area: 2250
(209.03 sq.m.)
Carpet area: 1450 sq.ft. (134.71 sq.m.)  
sq.ft.","3 Bedrooms , 3 Bathrooms, 2 Balconies",2nd   of 4 Floors,North-East,"Park/Garden,Main Road",1 to 5 Year Old,https://www.99acres.com/3-bhk-bedroom-independent-builder-floor-for-sale-in-urban-estate-gurgaon-2250-sq-ft-spid-P81384639,['Chintapurni Mandir\nState bank ATM\nKr Dental Hub\nJain Sant Phool Chand Ji Charitable Hospital\nDr. Ashok Jain'],"{'Property Ownership': ':, Freehold', 'Flooring': ':, Marble', 'Furnishing': ':, Semifurnished', 'Width of facing road': ':, 30.0 Feet', 'Gated Community': ':, Yes', 'Parking': ':, 1 Covered, 1 Open', 'WheelChair Friendly': ':, Yes', 'Pet Friendly': ':, Yes', 'Water Source': ':, Municipal corporation,24*7 Water', 'Power Backup': ':, None', 'Property Code': ':, P81384639'}",Unknown
2380,mayfield Garden,"mayfield Garden
C Block Mayfield Garden, Gurgaon","₹ 2.95 Crore+ Govt Charges & Tax
@ 10,925 per sq.ft. (All inclusive, Negotiable) View Price Details","Super Built up area 2700
(250.84 sq.m.)
Built Up area: 2600 sq.ft. (241.55 sq.m.)
Carpet area: 2500 sq.ft. (232.26 sq.m.)  
sq.ft.","4 Bedrooms , 4 Bathrooms, 2 Balconies with Pooja Room,Study Room,Servant Room,Store Room",4th   of 4 Floors,North-East,"Pool,Park/Garden,Club,Main Road,Others",0 to 1 Year Old,https://www.99acres.com/4-bhk-bedroom-independent-builder-floor-for-sale-in-c-block-mayfield-garden-gurgaon-2700-sq-ft-r4-spid-Y73812595,['Raheja Mall\nRadhakrishna Shani Mandir\nStandard chartered ATM\nIcici bank ATM\nVatsalya Clinic\nMeher Clinic'],"{'Property Ownership': ':, Freehold', 'Flooring': ':, Marble', 'Furnishing': ':, Semifurnished', 'Width of facing road': ':, 49.2 Feet', 'Gated Community': ':, Yes', 'Parking': ':, 2 Covered, 1 Open', 'Water Source': ':, Municipal corporation,Borewell/Tank,24*7 Water', 'Power Backup': ':, Partial', 'Property Code': ':, Y73812595'}", mayfield
2512,Suncity Vatsal Valley,"Suncity Vatsal Valley
Gwal Pahari, Gurgaon","₹ 3 Crore
@ 13,274 per sq.ft. (All inclusive) View Price Details","Super Built up area 2260
(209.96 sq.m.)  
sq.ft.","3 Bedrooms , 3 Bathrooms, 2 Balconies with Pooja Room",3rd   of 4 Floors,North,"Main Road,Club,Park/Garden,Pool",0 to 1 Year Old,https://www.99acres.com/3-bhk-bedroom-independent-builder-floor-for-sale-in-suncity-vatsal-valley-gwal-pahari-gurgaon-2260-sq-ft-r2-spid-C79889143,['Sector 55-56 Metro Station\nSector 54 Chowk Metro Station\nCentral Plaza Mall\nFaridabad - Gurgaon Road\nBadshahpur Sohna Rd Hwy'],"{'Property Ownership': ':, Freehold', 'Flooring': ':, Marble', 'Furnishing': ':, Semifurnished', 'Width of facing road': ':, 275.6 Feet', 'Gated Community': ':, Yes', 'Parking': ':, 2 Covered', 'WheelChair Friendly': ':, Yes', 'Pet Friendly': ':, Yes', 'Water Source': ':, 24*7 Water', 'Power Backup': ':, Full', 'Property Code': ':, C79889143'}",Gwal Pahari
2533,Suncity Vatsal Valley,"Suncity Vatsal Valley
Gwal Pahari, Gurgaon","₹ 2.12 Crore+ Govt Charges & Tax
@ 14,825 per sq.ft. (All inclusive, Negotiable) View Price Details","Super Built up area 1430
(132.85 sq.m.)  
sq.ft.","3 Bedrooms , 3 Bathrooms, 2 Balconies with Pooja Room,Store Room",4th   of 4 Floors,East,"Others,Club,Main Road",1 to 5 Year Old,https://www.99acres.com/3-bhk-bedroom-apartment-flat-for-sale-in-suncity-vatsal-valley-gwal-pahari-gurgaon-1430-sq-ft-spid-U82834028,['Sector 55-56 Metro Station\nSector 54 Chowk Metro Station\nCentral Plaza Mall\nFaridabad - Gurgaon Road\nBadshahpur Sohna Rd Hwy'],"{'Transaction Type': ':, Resale', 'Property Ownership': ':, Freehold', 'Flooring': ':, Marble', 'Furnishing': ':, Semifurnished', 'Gated Community': ':, Yes', 'Corner Property': ':, Yes', 'Parking': ':, 1 Covered, 1 Open', 'WheelChair Friendly': ':, Yes', 'Water Source': ':, Municipal corporation,Borewell/Tank,24*7 Water', 'Power Backup': ':, Full', 'Property Code': ':, U82834028'}",Gwal Pahari
2702,"Huda, Gurgaon","Huda, Gurgaon","₹ 1.9 Crore
@ 10,555 per sq.ft. (All inclusive)","Carpet area: 1800
(167.23 sq.m.)  
sq.ft.","3 Bedrooms , 3 Bathrooms, 2 Balconies",2nd   of 4 Floors,,,1 to 5 Year Old,https://www.99acres.com/3-bhk-bedroom-independent-builder-floor-for-sale-in-huda-gurgaon-1800-sq-ft-spid-J82466348,"[""HUDA Sector 23 Market\nPalam triangle\nPalam Vihar Vyapar kendra\nRam Mandir\nDR KAPOOR'S Dental Care and Implant Centre""]","{'Property Ownership': ':, Freehold', 'Furnishing': ':, Semifurnished', 'Parking': ':, 2 Covered', 'Power Backup': ':, None', 'Property Code': ':, J82466348'}",Unknown
2802,Suncity Vatsal Valley,"Suncity Vatsal Valley
Gwal Pahari, Gurgaon","₹ 2.25 Crore
@ 15,734 per sq.ft. (Negotiable) View Price Details","Built Up area: 1430
(132.85 sq.m.)
Carpet area: 1350 sq.ft. (125.42 sq.m.)  
sq.ft.","3 Bedrooms , 3 Bathrooms, 2 Balconies with Pooja Room",4th   of 4 Floors,North-West,"Main Road,Club,Park/Garden,Others",0 to 1 Year Old,https://www.99acres.com/3-bhk-bedroom-apartment-flat-for-sale-in-suncity-vatsal-valley-gwal-pahari-gurgaon-1430-sq-ft-r1-spid-A81507155,['Sector 55-56 Metro Station\nSector 54 Chowk Metro Station\nCentral Plaza Mall\nFaridabad - Gurgaon Road\nBadshahpur Sohna Rd Hwy'],"{'Transaction Type': ':, Resale', 'Property Ownership': ':, Freehold', 'Flooring': ':, Vitrified', 'Furnishing': ':, Semifurnished', 'Width of facing road': ':, 20.0 Feet', 'Gated Community': ':, Yes', 'Corner Property': ':, Yes', 'Parking': ':, 1 Covered, 1 Open', 'WheelChair Friendly': ':, Yes', 'Pet Friendly': ':, Yes', 'Water Source': ':, Municipal corporation,24*7 Water', 'Power Backup': ':, Full', 'Property Code': ':, A81507155'}",Gwal Pahari
3000,Valley View Estate,"Valley View Estate
Gwal Pahari, Gurgaon","₹ 1.25 Crore
@ 10,416 per sq.ft. (Negotiable) View Price Details","Carpet area: 1200
(111.48 sq.m.)  
sq.ft.","2 Bedrooms , 2 Bathrooms, 2 Balconies with Others",7th   of 12 Floors,North-East,"Pool,Park/Garden,Club,Main Road",10+ Year Old,https://www.99acres.com/2-bhk-bedroom-apartment-flat-for-sale-in-valley-view-estate-gwal-pahari-gurgaon-1200-sq-ft-spid-N83243452,['HANUMAN MANDIR\nSHIV MANDIR BALIYAWAS\nIndusind bank ATM\nParivar Clinic\nJanki Max Hospital\nArunodaya Deseret Eye Hospital'],"{'Transaction Type': ':, Resale', 'Property Ownership': ':, Freehold', 'Flooring': ':, Ceramic', 'Furnishing': ':, Semifurnished', 'Width of facing road': ':, 78.7 Feet', 'Gated Community': ':, Yes', 'Corner Property': ':, Yes', 'Parking': ':, 1 Covered', 'WheelChair Friendly': ':, Yes', 'Pet Friendly': ':, Yes', 'Water Source': ':, Municipal corporation,24*7 Water', 'Power Backup': ':, Full', 'Property Code': ':, N83243452'}", valley
3008,Valley View Estate,"Valley View Estate
Gwal Pahari, Gurgaon","₹ 1.7 Crore
@ 11,740 per sq.ft. (Negotiable) View Price Details","Carpet area: 1448
(134.52 sq.m.)  
sq.ft.","3 Bedrooms , 3 Bathrooms, 3 Balconies with Others",12nd   of 18 Floors,North-East,"Sea facing,Club,Park/Garden,Pool,Main Road",10+ Year Old,https://www.99acres.com/3-bhk-bedroom-apartment-flat-for-sale-in-valley-view-estate-gwal-pahari-gurgaon-1448-sq-ft-spid-K82874648,['HANUMAN MANDIR\nSHIV MANDIR BALIYAWAS\nIndusind bank ATM\nParivar Clinic\nJanki Max Hospital\nArunodaya Deseret Eye Hospital'],"{'Transaction Type': ':, Resale', 'Property Ownership': ':, Freehold', 'Flooring': ':, Ceramic', 'Furnishing': ':, Semifurnished', 'Width of facing road': ':, 78.7 Feet', 'Gated Community': ':, Yes', 'Corner Property': ':, Yes', 'Parking': ':, 1 Covered', 'WheelChair Friendly': ':, Yes', 'Pet Friendly': ':, Yes', 'Water Source': ':, Borewell/Tank,24*7 Water', 'Power Backup': ':, Full', 'Property Code': ':, K82874648'}", valley
3231,Suncity Vatsal Valley,"Suncity Vatsal Valley
Gwal Pahari, Gurgaon","₹ 1.4 Crore+ Govt Charges & Tax
@ 18,666 per sq.ft. (All inclusive, Negotiable) View Price Details","Super Built up area 1130
(104.98 sq.m.)
Built Up area: 1000 sq.ft. (92.9 sq.m.)
Carpet area: 750 sq.ft. (69.68 sq.m.)  
sq.ft.","2 Bedrooms , 2 Bathrooms, 2 Balconies with Store Room",3rd   of 4 Floors,North-East,Main Road,0 to 1 Year Old,https://www.99acres.com/2-bhk-bedroom-independent-builder-floor-for-sale-in-suncity-vatsal-valley-gwal-pahari-gurgaon-1130-sq-ft-r2-spid-Z80572741,['Sector 55-56 Metro Station\nSector 54 Chowk Metro Station\nCentral Plaza Mall\nFaridabad - Gurgaon Road\nBadshahpur Sohna Rd Hwy'],"{'Property Ownership': ':, Freehold', 'Flooring': ':, Wood', 'Furnishing': ':, Semifurnished', 'Width of facing road': ':, 100.0 Feet', 'Gated Community': ':, Yes', 'Corner Property': ':, Yes', 'Parking': ':, 1 Covered, 1 Open', 'WheelChair Friendly': ':, Yes', 'Pet Friendly': ':, Yes', 'Water Source': ':, Municipal corporation,Borewell/Tank,24*7 Water', 'Power Backup': ':, Full', 'Property Code': ':, Z80572741'}",Gwal Pahari
3514,Brand new ultra luxury builder floor,"Brand new ultra luxury builder floor
DLF Phase 1, Gurgaon","₹ 4.75 Crore+ Govt Charges & Tax
@ 17,592 per sq.ft. (All inclusive, Negotiable) View Price Details","Super Built up area 2700
(250.84 sq.m.)
Carpet area: 2300 sq.ft. (213.68 sq.m.)  
sq.ft.","4 Bedrooms , 4 Bathrooms, 2 Balconies with Servant Room",2nd   of 4 Floors,South-East,"Main Road,Others",0 to 1 Year Old,https://www.99acres.com/4-bhk-bedroom-independent-builder-floor-for-sale-in-dlf-phase-1-gurgaon-2700-sq-ft-spid-E82627232,['Guru dronacharya metro station\nSikandarpur rmrg metro station\nSikanderpur metro station\nDlf phase 1 metro station'],"Property Ownership: :, Freehold | Flooring: :, Marble | Furnishing: :, Furnished | Width of facing road: :, 39.4 Feet | Gated Community: :, Yes | Parking: :, 2 Covered, 1 Open | WheelChair Friendly: :, Yes | Pet Friendly: :, Yes | Water Source: :, Municipal corporation,24*7 Water | Power Backup: :, Full | Property Code: :, E82627232", brand
3760,"DLF Cyber City, Gurgaon","DLF Cyber City, Gurgaon","₹ 4.1 Crore
@ 1,01,990 per sq.yards (All inclusive, Negotiable) View Price Details","Carpet area: 402
(336.12 sq.m.)  
sq.yards","4 Bedrooms , 4 Bathrooms, 2 Balconies with Pooja Room,Study Room,Servant Room",2nd   of 4 Floors,South-West,"Pool,Park/Garden",1 to 5 Year Old,https://www.99acres.com/4-bhk-bedroom-independent-builder-floor-for-sale-in-dlf-cyber-city-gurgaon-3618-sq-ft-spid-S79437013,['Sector metro station\nSector metro station\nHong Kong Bazaar Mall\nSanatan Dharm Mandir\nRadhakrishna Shani Mandir'],"Property Ownership: :, Freehold | Flooring: :, Marble | Furnishing: :, Semifurnished | Width of facing road: :, 15.0 Feet | Gated Community: :, Yes | Parking: :, 3 Covered, 1 Open | WheelChair Friendly: :, Yes | Water Source: :, Municipal corporation | Power Backup: :, Full | Property Code: :, S79437013",DLF Cyber City
3796,Top Floor Terrace,"Top Floor Terrace
DLF Phase 1, Gurgaon","₹ 8.5 Crore+ Govt Charges & Tax
@ 1,69,322 per sq.yards (All inclusive, Negotiable) View Price Details","Carpet area: 502
(419.74 sq.m.)  
sq.yards","4 Bedrooms , 5 Bathrooms, 3+ Balconies with Pooja Room,Study Room,Servant Room,Others",4th   of 4 Floors,South,"Main Road,Club,Pool,Others,Park/Garden",1 to 5 Year Old,https://www.99acres.com/4-bhk-bedroom-independent-builder-floor-for-sale-in-dlf-phase-1-gurgaon-4518-sq-ft-spid-S82857472,['Dlf phase 1 metro station\nSikandarpur rmrg metro station\nSikanderpur metro station\nSikandarpur metro station\nSector 42-43 metro station'],"Property Ownership: :, Freehold | Flooring: :, Marble | Furnishing: :, Furnished | Width of facing road: :, 40.0 Feet | Gated Community: :, Yes | Corner Property: :, Yes | Parking: :, 3 Covered, 4 Open | Pet Friendly: :, Yes | Water Source: :, 24*7 Water,Municipal corporation,Borewell/Tank | Power Backup: :, Full | Property Code: :, S82857472", top
3865,Suncity Vatsal Valley,"Suncity Vatsal Valley
Gwal Pahari, Gurgaon","₹ 2.09 Crore+ Govt Charges & Tax
@ 1,67,497 per sq.m. (Negotiable)","Super Built up area 134.33
Carpet area: 85.28 sq.m.  
sq.m.","3 Bedrooms , 3 Bathrooms, 2 Balconies",1st   of 4 Floors,North,"Park/Garden,Main Road",1 to 5 Year Old,https://www.99acres.com/3-bhk-bedroom-apartment-flat-for-sale-in-suncity-vatsal-valley-gwal-pahari-gurgaon-1444-sq-ft-spid-R80425709,['Sector 55-56 Metro Station\nSector 54 Chowk Metro Station\nCentral Plaza Mall\nFaridabad - Gurgaon Road\nBadshahpur Sohna Rd Hwy'],"Transaction Type: :, Resale | Property Ownership: :, Freehold | Flooring: :, Marble | Furnishing: :, Semifurnished | Gated Community: :, Yes | Corner Property: :, Yes | Parking: :, 1 Covered, 1 Open | WheelChair Friendly: :, Yes | Pet Friendly: :, Yes | Water Source: :, 24*7 Water | Power Backup: :, Full | Property Code: :, R80425709",Gwal Pahari
4146,"Urban Estate, Gurgaon","Urban Estate, Gurgaon","₹ 2.35 Crore
@ 10,444 per sq.ft. (All inclusive, Negotiable) View Price Details","Built Up area: 2250
(209.03 sq.m.)
Carpet area: 1600 sq.ft. (148.64 sq.m.)  
sq.ft.","3 Bedrooms , 3 Bathrooms, 2 Balconies with Servant Room",3rd   of 4 Floors,North-West,Park/Garden,0 to 1 Year Old,https://www.99acres.com/3-bhk-bedroom-independent-builder-floor-for-sale-in-urban-estate-gurgaon-2250-sq-ft-spid-G83186112,['Chintapurni Mandir\nState bank ATM\nPrateek Nursing Home And Polyclinic\nKr Dental Hub\nJain Sant Phool Chand Ji Charitable Hospital'],"Property Ownership: :, Freehold | Flooring: :, Marble | Furnishing: :, Semifurnished | Width of facing road: :, 20.0 Feet | Gated Community: :, Yes | Corner Property: :, Yes | Parking: :, 1 Covered, 1 Open | Water Source: :, Municipal corporation,24*7 Water | Power Backup: :, None | Property Code: :, G83186112",Unknown
4220,"DLF Cyber City, Gurgaon","DLF Cyber City, Gurgaon","₹ 3.55 Crore
@ 19,722 per sq.ft. (All inclusive, Negotiable) View Price Details","Carpet area: 1800
(167.23 sq.m.)  
sq.ft.","3 Bedrooms , 3 Bathrooms, 2 Balconies with Servant Room,Others",1st   of 4 Floors,North,Others,0 to 1 Year Old,https://www.99acres.com/3-bhk-bedroom-independent-builder-floor-for-sale-in-dlf-cyber-city-gurgaon-1800-sq-ft-spid-J82337790,['Vodafone belvedere towers metro station\nDlf phase 2 metro station\nDlf phase 3 metro station\nIndusind bank cyber city metro station'],"Property Ownership: :, Freehold | Flooring: :, Marble | Furnishing: :, Semifurnished | Parking: :, 2 Covered, 1 Open | WheelChair Friendly: :, Yes | Pet Friendly: :, Yes | Water Source: :, Municipal corporation,24*7 Water | Power Backup: :, Partial | Property Code: :, J82337790",DLF Cyber City
4221,"DLF CITY, Gurgaon","DLF CITY, Gurgaon","₹ 3.3 Crore
@ 18,333 per sq.ft. (All inclusive, Negotiable) View Price Details","Carpet area: 1800
(167.23 sq.m.)  
sq.ft.","3 Bedrooms , 3 Bathrooms, 2 Balconies with Servant Room,Others",3rd   of 4 Floors,West,Others,0 to 1 Year Old,https://www.99acres.com/3-bhk-bedroom-independent-builder-floor-for-sale-in-dlf-city-gurgaon-1800-sq-ft-spid-B82336220,['Vodafone belvedere towers metro station\nDlf phase 2 metro station\nDlf phase 3 metro station\nMGF Metropolitan'],"Property Ownership: :, Freehold | Flooring: :, Marble | Furnishing: :, Semifurnished | Width of facing road: :, 39.4 Feet | Parking: :, 2 Covered, 1 Open | WheelChair Friendly: :, Yes | Pet Friendly: :, Yes | Water Source: :, Municipal corporation,24*7 Water | Power Backup: :, Partial | Property Code: :, B82336220",Unknown
4222,"DLF CITY, Gurgaon","DLF CITY, Gurgaon","₹ 3.35 Crore
@ 18,611 per sq.ft. (All inclusive, Negotiable) View Price Details","Carpet area: 1800
(167.23 sq.m.)  
sq.ft.","3 Bedrooms , 3 Bathrooms, 2 Balconies with Servant Room,Others",1st   of 4 Floors,North-West,Park/Garden,0 to 1 Year Old,https://www.99acres.com/3-bhk-bedroom-independent-builder-floor-for-sale-in-dlf-city-gurgaon-1800-sq-ft-spid-J82055816,['Dlf phase 2 metro station\nVodafone belvedere towers metro station\nSikandarpur metro station\nSikanderpur metro station'],"Property Ownership: :, Freehold | Flooring: :, Marble | Furnishing: :, Semifurnished | Gated Community: :, Yes | Parking: :, 2 Covered, 1 Open | WheelChair Friendly: :, Yes | Pet Friendly: :, Yes | Water Source: :, Municipal corporation,24*7 Water | Power Backup: :, Partial | Property Code: :, J82055816",Unknown
4227,"DLF CITY, Gurgaon","DLF CITY, Gurgaon","₹ 5 Crore
@ 1,66,666 per sq.yards (All inclusive, Negotiable) View Price Details","Carpet area: 300
(250.84 sq.m.)  
sq.yards","4 Bedrooms , 4 Bathrooms, 2 Balconies with Servant Room,Others",1st   of 4 Floors,North,Others,0 to 1 Year Old,https://www.99acres.com/4-bhk-bedroom-independent-builder-floor-for-sale-in-dlf-city-gurgaon-2700-sq-ft-spid-O81532495,['Mg road metro station\nVodafone belvedere towers metro station\nDlf phase 2 metro station\nSikandarpur metro station'],"Property Ownership: :, Freehold | Flooring: :, Marble | Furnishing: :, Semifurnished | Width of facing road: :, 39.4 Feet | Gated Community: :, Yes | Parking: :, 2 Covered, 1 Open | WheelChair Friendly: :, Yes | Pet Friendly: :, Yes | Water Source: :, Municipal corporation,24*7 Water | Power Backup: :, Partial | Property Code: :, O81532495",Unknown
4228,"DLF CITY, Gurgaon","DLF CITY, Gurgaon","₹ 3.6 Crore
@ 1,67,441 per sq.yards (All inclusive, Negotiable) View Price Details","Carpet area: 215
(179.77 sq.m.)  
sq.yards","4 Bedrooms , 4 Bathrooms, 2 Balconies with Servant Room,Others",1st   of 4 Floors,North-East,Others,0 to 1 Year Old,https://www.99acres.com/4-bhk-bedroom-independent-builder-floor-for-sale-in-dlf-city-gurgaon-1935-sq-ft-spid-K81440415,['Mg road metro station\nVodafone belvedere towers metro station\nSikandarpur metro station\nSikanderpur metro station'],"Property Ownership: :, Freehold | Flooring: :, Marble | Furnishing: :, Semifurnished | Width of facing road: :, 39.4 Feet | Parking: :, 2 Covered, 1 Open | WheelChair Friendly: :, Yes | Pet Friendly: :, Yes | Water Source: :, Municipal corporation,24*7 Water | Power Backup: :, Partial | Property Code: :, K81440415",Unknown
4407,"Huda, Gurgaon","Huda, Gurgaon","₹ 2.85 Crore+ Govt Charges & Tax
@ 1,08,365 per sq.yards (Negotiable) View Price Details","Carpet area: 263
(219.9 sq.m.)  
sq.yards","3 Bedrooms , 3 Bathrooms, 2 Balconies",1st   of 4 Floors,North,Main Road,0 to 1 Year Old,https://www.99acres.com/3-bhk-bedroom-independent-builder-floor-for-sale-in-huda-gurgaon-2367-sq-ft-spid-R82945248,"[""HUDA Sector 23 Market\nPalam triangle\nPalam Vihar Vyapar kendra\nRam Mandir\nDR KAPOOR'S Dental Care and Implant Centre""]","Property Ownership: :, Freehold | Flooring: :, Vitrified | Furnishing: :, Unfurnished | Width of facing road: :, 39.4 Feet | Gated Community: :, Yes | Parking: :, 1 Covered, 1 Open | WheelChair Friendly: :, Yes | Pet Friendly: :, Yes | Water Source: :, Municipal corporation | Power Backup: :, Partial | Property Code: :, R82945248",Unknown
4408,"Huda, Gurgaon","Huda, Gurgaon","₹ 3.1 Crore+ Govt Charges & Tax
@ 1,14,814 per sq.yards (Negotiable) View Price Details","Carpet area: 270
(225.75 sq.m.)  
sq.yards","3 Bedrooms , 4 Bathrooms, 2 Balconies",1st   of 4 Floors,East,Main Road,0 to 1 Year Old,https://www.99acres.com/3-bhk-bedroom-independent-builder-floor-for-sale-in-huda-gurgaon-2430-sq-ft-spid-I82925594,"[""HUDA Sector 23 Market\nPalam triangle\nPalam Vihar Vyapar kendra\nRam Mandir\nDR KAPOOR'S Dental Care and Implant Centre""]","Property Ownership: :, Freehold | Flooring: :, Vitrified | Furnishing: :, Semifurnished | Width of facing road: :, 39.4 Feet | Gated Community: :, Yes | Parking: :, 2 Covered, 1 Open | WheelChair Friendly: :, Yes | Pet Friendly: :, Yes | Water Source: :, Municipal corporation | Power Backup: :, Partial | Property Code: :, I82925594",Unknown
5195,"Huda Sector, Gurgaon","Huda Sector, Gurgaon","₹ 3.3 Crore
@ 12,222 per sq.ft. (All inclusive, Negotiable) View Price Details","Super Built up area 2700
(250.84 sq.m.)
Built Up area: 2650 sq.ft. (246.19 sq.m.)
Carpet area: 2600 sq.ft. (241.55 sq.m.)  
sq.ft.","4 Bedrooms , 4 Bathrooms, 2 Balconies with Others",2nd   of 4 Floors,South,"Others,Park/Garden,Main Road",0 to 1 Year Old,https://www.99acres.com/4-bhk-bedroom-independent-builder-floor-for-sale-in-huda-sector-gurgaon-2700-sq-ft-spid-F82523460,['Sector metro station\nSector metro station\nSector 54 chowk metro station\nHong Kong Bazaar Mall\nSanatan Dharm Mandir'],"Property Ownership: :, Freehold | Flooring: :, Vitrified | Furnishing: :, Semifurnished | Width of facing road: :, 32.8 Feet | Gated Community: :, Yes | Parking: :, 2 Covered, 1 Open | WheelChair Friendly: :, Yes | Pet Friendly: :, Yes | Water Source: :, Municipal corporation,Borewell/Tank,24*7 Water | Power Backup: :, None | Property Code: :, F82523460",Unknown
5221,Mayfield garden,"Mayfield garden
C Block Mayfield Garden, Gurgaon","₹ 3.45 Crore+ Govt Charges & Tax
@ 12,851 per sq.ft. (All inclusive, Negotiable) View Price Details","Super Built up area 2700
(250.84 sq.m.)  
sq.ft.","4 Bedrooms , 4 Bathrooms, 2 Balconies with Pooja Room,Servant Room",2nd   of 4 Floors,East,"Pool,Park/Garden,Main Road,Others,Club",0 to 1 Year Old,https://www.99acres.com/4-bhk-bedroom-independent-builder-floor-for-sale-in-c-block-mayfield-garden-gurgaon-2700-sq-ft-r1-spid-S75240941,['Raheja Mall\nStandard chartered ATM\nIcici bank ATM\nMeher Clinic\nBones Clinic - Orthopaedics\nPark Hospital Gurgaon'],"Property Ownership: :, Freehold | Flooring: :, Marble | Furnishing: :, Furnished | Width of facing road: :, 59.1 Feet | Gated Community: :, Yes | Corner Property: :, Yes | Parking: :, 2 Covered, 1 Open | WheelChair Friendly: :, Yes | Pet Friendly: :, Yes | Water Source: :, Municipal corporation,Borewell/Tank,24*7 Water | Power Backup: :, Full | Property Code: :, S75240941", mayfield
5415,"Koyal Vihar, Gurgaon","Koyal Vihar, Gurgaon","₹ 2.6 Crore
@ 10,833 per sq.ft. (All inclusive) View Price Details","Built Up area: 2400
(222.97 sq.m.)
Carpet area: 1700 sq.ft. (157.94 sq.m.)  
sq.ft.","3 Bedrooms , 3 Bathrooms, 3+ Balconies with Pooja Room,Study Room",2nd   of 4 Floors,West,Main Road,0 to 1 Year Old,https://www.99acres.com/3-bhk-bedroom-independent-builder-floor-for-sale-in-koyal-vihar-gurgaon-2400-sq-ft-spid-X81527917,['Hong Kong Bazaar Mall\nRadhakrishna Shani Mandir\nHanuman Mandir\nStandard chartered ATM\nHdfc bank ATM'],"Property Ownership: :, Freehold | Flooring: :, Ceramic | Furnishing: :, Semifurnished | Width of facing road: :, 33.0 Feet | Parking: :, 2 Covered, 1 Open | WheelChair Friendly: :, Yes | Pet Friendly: :, Yes | Water Source: :, 24*7 Water | Power Backup: :, Partial | Property Code: :, X81527917",Unknown
5444,Himalayan Society,"Himalayan Society
Manesar, Gurgaon","₹ 1.5 Crore
@ 6,666 per sq.ft. (All inclusive) View Price Details","Super Built up area 2250
(209.03 sq.m.)
Carpet area: 1500 sq.ft. (139.35 sq.m.)  
sq.ft.","3 Bedrooms , 4 Bathrooms, 3 Balconies with Study Room",4th   of 10 Floors,North,"Park/Garden,Main Road",1 to 5 Year Old,https://www.99acres.com/3-bhk-bedroom-apartment-flat-for-sale-in-himalayan-society-manesar-gurgaon-2250-sq-ft-spid-W82815376,['Pooja Clinic\nDr. Sahil Clinic\nPrakash Hospital\nShri Rade Clinic\nYadav Dental & Eye Care\nDental Hospital'],"Transaction Type: :, Resale | Property Ownership: :, Freehold | Flooring: :, Granite | Furnishing: :, Semifurnished | Gated Community: :, Yes | Corner Property: :, Yes | WheelChair Friendly: :, Yes | Pet Friendly: :, Yes | Water Source: :, Municipal corporation,Borewell/Tank,24*7 Water | Power Backup: :, None | Property Code: :, W82815376",Manesar
5587,Suncity Vatsal Valley,"Suncity Vatsal Valley
Gwal Pahari, Gurgaon","₹ 1.75 Crore+ Govt Charges & Tax
@ 12,237 per sq.ft. (All inclusive) View Price Details","Carpet area: 1430
(132.85 sq.m.)  
sq.ft.","3 Bedrooms , 3 Bathrooms, 3 Balconies with Others",1st   of 4 Floors,North,"Park/Garden,Main Road",1 to 5 Year Old,https://www.99acres.com/3-bhk-bedroom-apartment-flat-for-sale-in-suncity-vatsal-valley-gwal-pahari-gurgaon-1430-sq-ft-spid-Y83161448,['Sector 55-56 Metro Station\nSector 54 Chowk Metro Station\nCentral Plaza Mall\nFaridabad - Gurgaon Road\nBadshahpur Sohna Rd Hwy'],"Transaction Type: :, Resale | Property Ownership: :, Freehold | Flooring: :, Wood | Furnishing: :, Semifurnished | Width of facing road: :, 100.0 Feet | Gated Community: :, Yes | Parking: :, 1 Covered | WheelChair Friendly: :, Yes | Pet Friendly: :, Yes | Power Backup: :, Full | Property Code: :, Y83161448",Gwal Pahari
5652,The Crew Bos Chs Manesar,"The Crew Bos Chs Manesar
Manesar, Gurgaon","₹ 1.65 Crore+ Govt Charges & Tax
@ 7,262 per sq.ft. (All inclusive, Negotiable)","Super Built up area 2270
(210.89 sq.m.)  
sq.ft.","3 Bedrooms , 3 Bathrooms, 3 Balconies",1st   of 8 Floors,,"Park/Garden,Main Road",5 to 10 Year Old,https://www.99acres.com/3-bhk-bedroom-apartment-flat-for-sale-in-the-crew-bos-chs-manesar-manesar-gurgaon-2270-sq-ft-spid-U83090424,['Yadav Dental & Eye Care\nShri Rade Clinic\nDr. Sahil Clinic\nPrakash Hospital\nPooja Clinic\nDental Hospital'],"Transaction Type: :, Resale | Property Ownership: :, Freehold | Flooring: :, Marble | Furnishing: :, Furnished | Gated Community: :, Yes | Corner Property: :, Yes | Parking: :, 1 Covered | Pet Friendly: :, Yes | Water Source: :, Borewell/Tank,24*7 Water,Municipal corporation | Power Backup: :, Full | Property Code: :, U83090424",Manesar
5749,Suncity Vatsal Valley,"Suncity Vatsal Valley
Gwal Pahari, Gurgaon","₹ 2.25 Crore
@ 28,125 per sq.ft. (All inclusive, Negotiable)","Carpet area: 800
(74.32 sq.m.)  
sq.ft.","3 Bedrooms , 3 Bathrooms, 1 Balcony",2nd   of 4 Floors,,"Park/Garden,Club,Pool,Main Road",1 to 5 Year Old,https://www.99acres.com/3-bhk-bedroom-apartment-flat-for-sale-in-suncity-vatsal-valley-gwal-pahari-gurgaon-800-sq-ft-spid-P82931510,['Sector 55-56 Metro Station\nSector 54 Chowk Metro Station\nCentral Plaza Mall\nFaridabad - Gurgaon Road\nBadshahpur Sohna Rd Hwy'],"Transaction Type: :, Resale | Property Ownership: :, Co-operative Society | Gated Community: :, Yes | Pet Friendly: :, Yes | Water Source: :, Borewell/Tank,24*7 Water | Power Backup: :, None | Property Code: :, P82931510",Gwal Pahari
5920,Valley View estate,"Valley View estate
Gwal Pahari, Gurgaon","₹ 1.95 Crore+ Govt Charges & Tax
@ 10,000 per sq.ft.","Super Built up area 2000
(185.81 sq.m.)
Carpet area: 1654 sq.ft. (153.66 sq.m.)  
sq.ft.","4 Bedrooms , 4 Bathrooms, 3+ Balconies",1st   of 18 Floors,,Park/Garden,10+ Year Old,https://www.99acres.com/4-bhk-bedroom-apartment-flat-for-sale-in-gwal-pahari-gurgaon-2000-sq-ft-spid-J82701346,['SHIV MANDIR BALIYAWAS\nHANUMAN MANDIR\nParivar Clinic\nJanki Max Hospital\nIntellion Park\nInternational Tech Park'],"Transaction Type: :, Resale | Property Ownership: :, Freehold | Flooring: :, Ceramic | Furnishing: :, Unfurnished | Gated Community: :, Yes | Corner Property: :, Yes | Parking: :, 2 Covered | Pet Friendly: :, Yes | Water Source: :, 24*7 Water | Power Backup: :, Full | Property Code: :, J82701346", valley
6056,"ASF Isle De Royale
3.8","ASF Isle De Royale
Gwal Pahari, Gurgaon","₹ 1.4 Crore+ Govt Charges & Tax
@ 9,333 per sq.ft. (Negotiable) View Price Details","Super Built up area 1500
(139.35 sq.m.)  
sq.ft.","2 Bedrooms , 2 Bathrooms, 2 Balconies with Study Room",10th   of 19 Floors,North-East,"Park/Garden,Main Road,Club,Pool,Others",1 to 5 Year Old,https://www.99acres.com/2-bhk-bedroom-apartment-flat-for-sale-in-asf-isle-de-royale-gwal-pahari-gurgaon-1500-sq-ft-r3-spid-E62421870,"[""Sector 55-56 Metro Station\nSouth point Mall\nFaridabad - Gurgaon Rd\nNH 148A\nPathways School Gurgaon\nLingaya's Lalita Devi Institute""]","Transaction Type: :, Resale | Property Ownership: :, Freehold | Flooring: :, Wood | Furnishing: :, Semifurnished | Width of facing road: :, 100.0 Feet | Gated Community: :, Yes | Parking: :, 1 Covered | WheelChair Friendly: :, Yes | Pet Friendly: :, Yes | Water Source: :, 24*7 Water | Power Backup: :, Full | Property Code: :, E62421870",Gwal Pahari
6347,Mittals Royale Orchards,"Mittals Royale Orchards
Binola, Gurgaon","₹ 85 Lac
@ 24,28,571 per marla (Negotiable)","Carpet area: 3.5
(88.53 sq.m.)  
marla","14 Bedrooms , 14 Bathrooms, 1 Balcony",Basement of 3 Floors,,Others,1 to 5 Year Old,https://www.99acres.com/14-bhk-bedroom-apartment-flat-for-sale-in-mittals-royale-orchards-binola-gurgaon-788-sq-ft-spid-U81977622,['Yadav Dental & Eye Care\nShri Rade Clinic\nPrakash Hospital\nDr. Sahil Clinic\nPooja Clinic\nDental Hospital'],"Transaction Type: :, Resale | Property Ownership: :, Freehold | Flooring: :, Granite | Water Source: :, Borewell/Tank | Power Backup: :, None | Property Code: :, U81977622",Binola
6437,Suncity Vatsal Valley,"Suncity Vatsal Valley
Gwal Pahari, Gurgaon","₹ 2.25 Crore+ Govt Charges & Tax
@ 15,734 per sq.ft. (All inclusive, Negotiable)","Built Up area: 1430
(132.85 sq.m.)
Carpet area: 765 sq.ft. (71.07 sq.m.)  
sq.ft.","3 Bedrooms , 3 Bathrooms, 2 Balconies with Others",4th   of 4 Floors,North,,0 to 1 Year Old,https://www.99acres.com/3-bhk-bedroom-apartment-flat-for-sale-in-suncity-vatsal-valley-gwal-pahari-gurgaon-1430-sq-ft-spid-H81673272,['Sector 55-56 Metro Station\nSector 54 Chowk Metro Station\nCentral Plaza Mall\nFaridabad - Gurgaon Road\nBadshahpur Sohna Rd Hwy'],"Transaction Type: :, Resale | Property Ownership: :, Freehold | Furnishing: :, Furnished | Gated Community: :, Yes | Parking: :, 1 Covered | Power Backup: :, Full | Property Code: :, H81673272",Gwal Pahari
6600,Suncity Vatsal Valley,"Suncity Vatsal Valley
Gwal Pahari, Gurgaon","₹ 1.44 Crore+ Govt Charges & Tax
@ 13,750 per sq.ft. (All inclusive)","Carpet area: 1050
(97.55 sq.m.)  
sq.ft.","2 Bedrooms , 2 Bathrooms, 2 Balconies",2nd   of 4 Floors,,,0 to 1 Year Old,https://www.99acres.com/2-bhk-bedroom-apartment-flat-for-sale-in-suncity-vatsal-valley-gwal-pahari-gurgaon-1050-sq-ft-spid-O81457251,['Sector 55-56 Metro Station\nSector 54 Chowk Metro Station\nCentral Plaza Mall\nFaridabad - Gurgaon Road\nBadshahpur Sohna Rd Hwy'],"Transaction Type: :, Resale | Property Ownership: :, Freehold | Power Backup: :, None | Property Code: :, O81457251",Gwal Pahari
6873,Valley View Estate,"Valley View Estate
Gwal Pahari, Gurgaon","₹ 1.45 Crore
@ 13,217 per sq.ft. View Price Details","Super Built up area 1097
(101.91 sq.m.)  
sq.ft.","2 Bedrooms , 2 Bathrooms, 2 Balconies",1st   of 17 Floors,West,,5 to 10 Year Old,https://www.99acres.com/2-bhk-bedroom-apartment-flat-for-sale-in-gwal-pahari-gurgaon-1097-sq-ft-spid-H79649913,['Guru dronacharya metro station\nDlf phase 3 metro station\nDlf phase 2 metro station\nMicromax moulsari avenue metro station'],"Transaction Type: :, Resale | Property Ownership: :, Freehold | Flooring: :, Vitrified | Furnishing: :, Furnished | Width of facing road: :, 150.0 Feet | Gated Community: :, Yes | Parking: :, 1 Covered | Water Source: :, Borewell/Tank,24*7 Water,Municipal corporation | Power Backup: :, Full | Property Code: :, H79649913", valley
7516,Suncity Vatsal Valley,"Suncity Vatsal Valley
Gwal Pahari, Gurgaon","₹ 2.12 Crore+ Govt Charges & Tax
@ 14,825 per sq.ft. (All inclusive, Negotiable) View Price Details","Super Built up area 1430
(132.85 sq.m.)  
sq.ft.","3 Bedrooms , 3 Bathrooms, 2 Balconies with Pooja Room,Store Room",4th   of 4 Floors,East,"Others,Club,Main Road",1 to 5 Year Old,https://www.99acres.com/3-bhk-bedroom-apartment-flat-for-sale-in-suncity-vatsal-valley-gwal-pahari-gurgaon-1430-sq-ft-spid-U82834028,['Sector 55-56 Metro Station\nSector 54 Chowk Metro Station\nCentral Plaza Mall\nFaridabad - Gurgaon Road\nBadshahpur Sohna Rd Hwy'],"Transaction Type: :, Resale | Property Ownership: :, Freehold | Flooring: :, Marble | Furnishing: :, Semifurnished | Gated Community: :, Yes | Corner Property: :, Yes | Parking: :, 1 Covered, 1 Open | WheelChair Friendly: :, Yes | Water Source: :, Municipal corporation,Borewell/Tank,24*7 Water | Power Backup: :, Full | Property Code: :, U82834028",Gwal Pahari
7575,Suncity Vatsal Valley,"Suncity Vatsal Valley
Gwal Pahari, Gurgaon","₹ 1.75 Crore
@ 12,237 per sq.ft. (Negotiable) View Price Details","Super Built up area 1430
(132.85 sq.m.)  
sq.ft.","3 Bedrooms , 3 Bathrooms, 2 Balconies with Pooja Room",3rd   of 4 Floors,North,"Park/Garden,Main Road,Others,Club",1 to 5 Year Old,https://www.99acres.com/3-bhk-bedroom-apartment-flat-for-sale-in-suncity-vatsal-valley-gwal-pahari-gurgaon-1430-sq-ft-r1-spid-N81869828,['Sector 55-56 Metro Station\nSector 54 Chowk Metro Station\nCentral Plaza Mall\nFaridabad - Gurgaon Road\nBadshahpur Sohna Rd Hwy'],"Transaction Type: :, Resale | Property Ownership: :, Freehold | Flooring: :, Ceramic | Furnishing: :, Semifurnished | Width of facing road: :, 59.1 Feet | Gated Community: :, Yes | Corner Property: :, Yes | Parking: :, 1 Covered | WheelChair Friendly: :, Yes | Pet Friendly: :, Yes | Water Source: :, 24*7 Water | Power Backup: :, Full | Property Code: :, N81869828",Gwal Pahari
7646,Suncity Vatsal Valley,"Suncity Vatsal Valley
Gwal Pahari, Gurgaon","₹ 1.35 Crore
@ 11,946 per sq.ft. (Negotiable) View Price Details","Super Built up area 1130
(104.98 sq.m.)  
sq.ft.","2 Bedrooms , 2 Bathrooms, 2 Balconies with Servant Room",3rd   of 4 Floors,North-East,"Pool,Park/Garden,Main Road,Club,Others",1 to 5 Year Old,https://www.99acres.com/2-bhk-bedroom-apartment-flat-for-sale-in-suncity-vatsal-valley-gwal-pahari-gurgaon-1130-sq-ft-r1-spid-F81869662,['Sector 55-56 Metro Station\nSector 54 Chowk Metro Station\nCentral Plaza Mall\nFaridabad - Gurgaon Road\nBadshahpur Sohna Rd Hwy'],"Transaction Type: :, Resale | Property Ownership: :, Freehold | Flooring: :, Ceramic | Furnishing: :, Semifurnished | Width of facing road: :, 59.1 Feet | Gated Community: :, Yes | Corner Property: :, Yes | Parking: :, 1 Covered, 1 Open | WheelChair Friendly: :, Yes | Pet Friendly: :, Yes | Water Source: :, 24*7 Water | Power Backup: :, Full | Property Code: :, F81869662",Gwal Pahari
7853,Suncity Vatsal Valley,"Suncity Vatsal Valley
Gwal Pahari, Gurgaon","₹ 1.33 Crore
@ 11,769 per sq.ft. View Price Details","Carpet area: 1130
(104.98 sq.m.)  
sq.ft.","2 Bedrooms , 2 Bathrooms, 3 Balconies with Others",2nd   of 4 Floors,North-East,Main Road,1 to 5 Year Old,https://www.99acres.com/2-bhk-bedroom-apartment-flat-for-sale-in-suncity-vatsal-valley-gwal-pahari-gurgaon-1130-sq-ft-spid-G82133350,['Sector 55-56 Metro Station\nSector 54 Chowk Metro Station\nCentral Plaza Mall\nFaridabad - Gurgaon Road\nBadshahpur Sohna Rd Hwy'],"Transaction Type: :, Resale | Property Ownership: :, Freehold | Flooring: :, Wood | Furnishing: :, Semifurnished | Width of facing road: :, 100.0 Feet | Gated Community: :, Yes | WheelChair Friendly: :, Yes | Pet Friendly: :, Yes | Water Source: :, Municipal corporation,Borewell/Tank,24*7 Water | Power Backup: :, Full | Property Code: :, G82133350",Gwal Pahari
7949,"Block K1 New Palam Vihar Phase 1, Gurgaon","Block K1 New Palam Vihar Phase 1, Gurgaon","₹ 3.33 Crore+ Govt Charges & Tax
@ 42,735 per sq.ft. (All inclusive, Negotiable)","Carpet area: 780
(72.46 sq.m.)  
sq.ft.","2 Bedrooms , 2 Bathrooms, 2 Balconies with Others",1st   of 3 Floors,,,1 to 5 Year Old,https://www.99acres.com/2-bhk-bedroom-independent-builder-floor-for-sale-in-block-k1-new-palam-vihar-phase-1-gurgaon-780-sq-ft-r1-spid-Z79069977,['Palam Vihar Vyapar kendra\nPalam triangle\nHUDA Sector 23 Market\nRam Mandir\nKalyan Hospital Gurgaon\nChirag Hospital Pvt. Ltd'],"Property Ownership: :, Freehold | Furnishing: :, Unfurnished | Parking: :, 1 Open | Power Backup: :, None | Property Code: :, Z79069977",New Palam Vihar
7953,"Dharam Colony, Gurgaon","Dharam Colony, Gurgaon","₹ 59 Lac+ Govt Charges & Tax
@ 6,555 per sq.ft. (All inclusive, Negotiable)","Carpet area: 900
(83.61 sq.m.)  
sq.ft.","2 Bedrooms , 2 Bathrooms, 2 Balconies",1st   of 6 Floors,East,Main Road,1 to 5 Year Old,https://www.99acres.com/2-bhk-bedroom-independent-builder-floor-for-sale-in-dharam-colony-gurgaon-900-sq-ft-spid-U83378210,['Palam triangle\nPalam Vihar Vyapar kendra\nHUDA Sector 23 Market\nRam Mandir\nSheetla Mata Mandir\nKalyan Hospital Gurgaon'],"Property Ownership: :, Freehold | Flooring: :, Ceramic | Width of facing road: :, 50.0 Feet | Gated Community: :, Yes | Corner Property: :, Yes | Parking: :, 1 Covered | WheelChair Friendly: :, Yes | Pet Friendly: :, Yes | Water Source: :, Municipal corporation,Borewell/Tank,24*7 Water | Power Backup: :, Partial | Property Code: :, U83378210",Dharam Colony
7956,"Wazirabad, Gurgaon","Wazirabad, Gurgaon","₹ 2.85 Crore+ Govt Charges & Tax
@ 1,08,365 per sq.yards (All inclusive, Negotiable)","Super Built up area 263
(219.9 sq.m.)  
sq.yards","3 Bedrooms , 3 Bathrooms, 2 Balconies with Pooja Room",Ground of 3 Floors,North,Main Road,1 to 5 Year Old,https://www.99acres.com/3-bhk-bedroom-independent-builder-floor-for-sale-in-wazirabad-gurgaon-2367-sq-ft-spid-K83361568,['Hong Kong Bazaar Mall\nRadhakrishna Shani Mandir\nSanatan Dharm Mandir\nHanuman Mandir\nState bank ATM'],"Property Ownership: :, Freehold | Flooring: :, Marble | Furnishing: :, Furnished | Parking: :, 1 Open | WheelChair Friendly: :, Yes | Pet Friendly: :, Yes | Water Source: :, Municipal corporation,24*7 Water,Borewell/Tank | Power Backup: :, Partial | Property Code: :, K83361568",Wazirabad
7969,Genesis Sky heights,"Genesis Sky heights
Bhiwadi, Gurgaon","₹ 32 Lac+ Govt Charges & Tax
@ 4,571 per sq.ft.","Carpet area: 700
(65.03 sq.m.)  
sq.ft.","2 Bedrooms , 2 Bathrooms, 2 Balconies",6th   of 14 Floors,North-West,Park/Garden,0 to 1 Year Old,https://www.99acres.com/2-bhk-bedroom-apartment-flat-for-sale-in-gurgaon-700-sq-ft-r3-spid-X72753851,,"Transaction Type: :, Resale | Property Ownership: :, Freehold | Flooring: :, Marble | Furnishing: :, Unfurnished | Width of facing road: :, 196.9 Feet | Gated Community: :, Yes | Parking: :, Covered, 1 Open | Water Source: :, 24*7 Water | Power Backup: :, Full | Property Code: :, X72753851",Bhiwadi
7983,"Laxman Vihar, Gurgaon","Laxman Vihar, Gurgaon","₹ 35 Lac
@ 5,833 per sq.ft. (Negotiable)","Carpet area: 600
(55.74 sq.m.)  
sq.ft.","2 Bedrooms , 1 Bathroom, 1 Balcony",2nd   of 5 Floors,South,Others,1 to 5 Year Old,https://www.99acres.com/2-bhk-bedroom-independent-builder-floor-for-sale-in-laxman-vihar-gurgaon-600-sq-ft-spid-W83255658,,"Property Ownership: :, Power of Attorney | Flooring: :, Vitrified | Furnishing: :, Semifurnished | Width of facing road: :, 20.0 Feet | Gated Community: :, Yes | Parking: :, 1 Covered | Water Source: :, Municipal corporation,24*7 Water,Borewell/Tank | Power Backup: :, Full | Property Code: :, W83255658",Laxman Vihar
8003,"Vishnu Garden, Gurgaon","Vishnu Garden, Gurgaon","₹ 45 Lac+ Govt Charges & Tax
@ 5,000 per sq.ft.","Carpet area: 900
(83.61 sq.m.)  
sq.ft.","3 Bedrooms , 2 Bathrooms, 1 Balcony",3rd   of 5 Floors,East,,1 to 5 Year Old,https://www.99acres.com/3-bhk-bedroom-independent-builder-floor-for-sale-in-vishnu-garden-gurgaon-900-sq-ft-spid-J83205542,['Palam Vihar Vyapar kendra\nPalam triangle\nChintapurni Mandir\nState bank ATM\nChirag Hospital Pvt. Ltd\nR K Hospital Gurgaon'],"Property Ownership: :, Power of Attorney | Furnishing: :, Semifurnished | Corner Property: :, Yes | Parking: :, 1 Covered | Water Source: :, 24*7 Water | Power Backup: :, Partial | Property Code: :, J83205542",Unknown
8019,"Mohyal Colony, Gurgaon","Mohyal Colony, Gurgaon","₹ 2.5 Crore
@ 13,888 per sq.ft. (Negotiable) View Price Details","Super Built up area 2260
(209.96 sq.m.)
Carpet area: 1800 sq.ft. (167.23 sq.m.)  
sq.ft.","3 Bedrooms , 4 Bathrooms, 2 Balconies with Study Room,Servant Room",2nd   of 4 Floors,North-East,"Main Road,Park/Garden",0 to 1 Year Old,https://www.99acres.com/3-bhk-bedroom-independent-builder-floor-for-sale-in-mohyal-colony-gurgaon-2260-sq-ft-spid-G79973047,['Icici bank ATM\nState bank of india ATM\nAxis bank ATM\nIcici ATM\nCiti bank ATM\nAxis bank ATM\nHdfc ATM'],"Property Ownership: :, Freehold | Flooring: :, Marble | Furnishing: :, Semifurnished | Width of facing road: :, 18.0 Feet | Corner Property: :, Yes | Parking: :, 2 Covered, 1 Open | WheelChair Friendly: :, Yes | Pet Friendly: :, Yes | Water Source: :, 24*7 Water | Power Backup: :, Full | Property Code: :, G79973047",Unknown
8022,"DLF Cyber City, Gurgaon","DLF Cyber City, Gurgaon","₹ 3 Crore+ Govt Charges & Tax
@ 1,00,000 per sq.yards (Negotiable)","Carpet area: 300
(250.84 sq.m.)  
sq.yards","3 Bedrooms , 3 Bathrooms, 3+ Balconies with Store Room",2nd   of 3 Floors,,,10+ Year Old,https://www.99acres.com/3-bhk-bedroom-independent-builder-floor-for-sale-in-dlf-cyber-city-gurgaon-2700-sq-ft-spid-S83098818,['Indusind bank cyber city metro station\nVodafone belvedere towers metro station\nDlf phase 3 metro station\nMicromax moulsari avenue metro station'],"Property Ownership: :, Freehold | Furnishing: :, Unfurnished | Parking: :, 1 Open | Water Source: :, Municipal corporation,24*7 Water | Power Backup: :, None | Property Code: :, S83098818",DLF Cyber City
8080,"Dwarka Expressway, Gurgaon","Dwarka Expressway, Gurgaon","₹ 2.8 Crore
@ 13,553 per sq.ft.","Built Up area: 2066
(191.94 sq.m.)  
sq.ft.","3 Bedrooms , 3 Bathrooms, 3+ Balconies",11st   of 18 Floors,,,undefined,https://www.99acres.com/3-bhk-bedroom-independent-builder-floor-for-sale-in-dwarka-expressway-gurgaon-2066-sq-ft-spid-W82861788,['Palam Vihar Vyapar kendra\nChintapurni Mandir\nState bank ATM\nChirag Hospital Pvt. Ltd\nR K Hospital Gurgaon'],"Property Ownership: :, Freehold | Furnishing: :, Semifurnished | Power Backup: :, None | Property Code: :, W82861788",Dwarka Expressway
8096,"DLF Cyber City, Gurgaon","DLF Cyber City, Gurgaon","₹ 2.95 Crore
@ 16,388 per sq.ft. (All inclusive)","Built Up area: 1800
(167.23 sq.m.)  
sq.ft.","3 Bedrooms , 3 Bathrooms, 2 Balconies with Study Room,Servant Room",1st   of 4 Floors,East,Pool,1 to 5 Year Old,https://www.99acres.com/3-bhk-bedroom-independent-builder-floor-for-sale-in-dlf-cyber-city-gurgaon-1800-sq-ft-spid-R81002951,['Vodafone belvedere towers metro station\nMg road metro station\nDlf phase 2 metro station\nMGF Metropolitan\nGurgaon Central Mall'],"Property Ownership: :, Freehold | Flooring: :, Marble | Furnishing: :, Semifurnished | Width of facing road: :, 15.0 Feet | Gated Community: :, Yes | Parking: :, 2 Covered, 1 Open | WheelChair Friendly: :, Yes | Pet Friendly: :, Yes | Water Source: :, Municipal corporation | Power Backup: :, Full | Property Code: :, R81002951",DLF Cyber City
8109,Sushant lok 3,"Sushant lok 3
Sushant Lok 3 Extension, Gurgaon","₹ 3.75 Crore
@ 13,888 per sq.ft. (All inclusive, Negotiable)","Super Built up area 2700
(250.84 sq.m.)
Built Up area: 2500 sq.ft. (232.26 sq.m.)
Carpet area: 2295 sq.ft. (213.21 sq.m.)  
sq.ft.","4 Bedrooms , 4 Bathrooms, 2 Balconies with Pooja Room,Servant Room",4th   of 4 Floors,North,,0 to 1 Year Old,https://www.99acres.com/4-bhk-bedroom-independent-builder-floor-for-sale-in-sushant-lok-3-extension-gurgaon-2700-sq-ft-spid-P82741380,['Hong Kong Bazaar Mall\nRadhakrishna Shani Mandir\nSanatan Dharm Mandir\nIcici bank ATM\nState bank ATM'],"Property Ownership: :, Freehold | Flooring: :, Marble | Furnishing: :, Semifurnished | Width of facing road: :, 39.4 Feet | Gated Community: :, Yes | Parking: :, 2 Covered, 1 Open | WheelChair Friendly: :, Yes | Pet Friendly: :, Yes | Water Source: :, 24*7 Water,Borewell/Tank | Power Backup: :, Full | Property Code: :, P82741380", sushant
8177,Suncity Vatsal Valley,"Suncity Vatsal Valley
Gwal Pahari, Gurgaon","₹ 1.35 Crore
@ 11,946 per sq.ft. (All inclusive) View Price Details","Carpet area: 1130
(104.98 sq.m.)  
sq.ft.","2 Bedrooms , 2 Bathrooms, 2 Balconies",2nd   of 4 Floors,East,Park/Garden,0 to 1 Year Old,https://www.99acres.com/2-bhk-bedroom-independent-builder-floor-for-sale-in-suncity-vatsal-valley-gwal-pahari-gurgaon-1130-sq-ft-spid-K82549984,['Sector 55-56 Metro Station\nSector 54 Chowk Metro Station\nCentral Plaza Mall\nFaridabad - Gurgaon Road\nBadshahpur Sohna Rd Hwy'],"Property Ownership: :, Freehold | Flooring: :, Marble | Furnishing: :, Semifurnished | Width of facing road: :, 78.7 Feet | Gated Community: :, Yes | Parking: :, 1 Covered | Water Source: :, Borewell/Tank,Municipal corporation | Power Backup: :, Full | Property Code: :, K82549984",Gwal Pahari
8227,"Huda, Gurgaon","Huda, Gurgaon","₹ 4 Crore
@ 1,16,959 per sq.yards (Negotiable)","Carpet area: 342
(285.96 sq.m.)  
sq.yards","4 Bedrooms , 5 Bathrooms, 2 Balconies",1st   of 4 Floors,,Park/Garden,0 to 1 Year Old,https://www.99acres.com/4-bhk-bedroom-independent-builder-floor-for-sale-in-huda-gurgaon-3078-sq-ft-spid-G82451066,"[""HUDA Sector 23 Market\nPalam triangle\nPalam Vihar Vyapar kendra\nRam Mandir\nDR KAPOOR'S Dental Care and Implant Centre""]","Property Ownership: :, Freehold | Flooring: :, Marble | Furnishing: :, Semifurnished | Width of facing road: :, 32.8 Feet | Gated Community: :, Yes | Parking: :, 3 Covered, 2 Open | Pet Friendly: :, Yes | Water Source: :, Municipal corporation | Power Backup: :, None | Property Code: :, G82451066",Unknown
8274,sushant lok 3,"sushant lok 3
Sushant Lok 3 Extension, Gurgaon","₹ 4.09 Crore
@ 9,088 per sq.ft. (All inclusive, Negotiable) View Price Details","Built Up area: 4500
(418.06 sq.m.)
Carpet area: 3400 sq.ft. (315.87 sq.m.)  
sq.ft.","4 Bedrooms , 5 Bathrooms, 2 Balconies with Pooja Room,Servant Room,Study Room",1st   of 4 Floors,North-East,"Park/Garden,Main Road",0 to 1 Year Old,https://www.99acres.com/4-bhk-bedroom-independent-builder-floor-for-sale-in-sushant-lok-3-extension-gurgaon-4500-sq-ft-spid-Z82233246,['Hong Kong Bazaar Mall\nRadhakrishna Shani Mandir\nSanatan Dharm Mandir\nState bank ATM\nIcici bank ATM'],"Property Ownership: :, Freehold | Flooring: :, Marble | Furnishing: :, Semifurnished | Width of facing road: :, 39.4 Feet | Gated Community: :, Yes | Parking: :, 3 Covered, 1 Open | Pet Friendly: :, Yes | Water Source: :, Municipal corporation,Borewell/Tank,24*7 Water | Power Backup: :, Full | Property Code: :, Z82233246", sushant
8292,Suncity Vatsal Valley,"Suncity Vatsal Valley
Gwal Pahari, Gurgaon","₹ 2 Crore+ Govt Charges & Tax
@ 25,477 per sq.ft. (All inclusive, Negotiable)","Carpet area: 785
(72.93 sq.m.)  
sq.ft.","3 Bedrooms , 3 Bathrooms, 2 Balconies",2nd   of 2 Floors,North,Others,0 to 1 Year Old,https://www.99acres.com/3-bhk-bedroom-independent-builder-floor-for-sale-in-suncity-vatsal-valley-gwal-pahari-gurgaon-785-sq-ft-spid-D82242242,['Sector 55-56 Metro Station\nSector 54 Chowk Metro Station\nCentral Plaza Mall\nFaridabad - Gurgaon Road\nBadshahpur Sohna Rd Hwy'],"Property Ownership: :, Freehold | Flooring: :, Wood | Furnishing: :, Semifurnished | Gated Community: :, Yes | Parking: :, 1 Open | WheelChair Friendly: :, Yes | Pet Friendly: :, Yes | Water Source: :, Borewell/Tank,24*7 Water | Power Backup: :, Full | Property Code: :, D82242242",Gwal Pahari
8324,Suncity Vatsal Valley,"Suncity Vatsal Valley
Gwal Pahari, Gurgaon","₹ 1.3 Crore
@ 11,504 per sq.ft. (All inclusive) View Price Details","Carpet area: 1130
(104.98 sq.m.)  
sq.ft.","2 Bedrooms , 2 Bathrooms, 2 Balconies",2nd   of 4 Floors,East,"Park/Garden,Main Road",0 to 1 Year Old,https://www.99acres.com/2-bhk-bedroom-independent-builder-floor-for-sale-in-suncity-vatsal-valley-gwal-pahari-gurgaon-1130-sq-ft-spid-Q81822214,['Sector 55-56 Metro Station\nSector 54 Chowk Metro Station\nCentral Plaza Mall\nFaridabad - Gurgaon Road\nBadshahpur Sohna Rd Hwy'],"Property Ownership: :, Freehold | Flooring: :, Wood | Furnishing: :, Semifurnished | Gated Community: :, Yes | Parking: :, 1 Covered | Water Source: :, 24*7 Water,Borewell/Tank,Municipal corporation | Power Backup: :, Full | Property Code: :, Q81822214",Gwal Pahari
8339,"Gwal Pahari, Gurgaon","Gwal Pahari, Gurgaon","₹ 1.58 Crore
@ 21,066 per sq.ft. (All inclusive, Negotiable) View Price Details","Super Built up area 1130
(104.98 sq.m.)
Carpet area: 750 sq.ft. (69.68 sq.m.)  
sq.ft.","2 Bedrooms , 2 Bathrooms, 2 Balconies",4th   of 4 Floors,North-East,,0 to 1 Year Old,https://www.99acres.com/2-bhk-bedroom-independent-builder-floor-for-sale-in-gwal-pahari-gurgaon-1130-sq-ft-r1-spid-L77060899,['SHIV MANDIR BALIYAWAS\nHANUMAN MANDIR\nParivar Clinic\nJanki Max Hospital\nIntellion Park\nInternational Tech Park'],"Property Ownership: :, Freehold | Flooring: :, Marble | Furnishing: :, Furnished | Gated Community: :, Yes | Parking: :, 1 Covered, 2 Open | WheelChair Friendly: :, Yes | Pet Friendly: :, Yes | Water Source: :, Municipal corporation,24*7 Water | Power Backup: :, Full | Property Code: :, L77060899",Gwal Pahari
8374,"ASF Isle De Royale
3.8","ASF Isle De Royale
Gwal Pahari, Gurgaon","₹ 1.65 Crore
@ 12,035 per sq.ft.","Carpet area: 1371
(127.37 sq.m.)  
sq.ft.","2 Bedrooms , 2 Bathrooms, 1 Balcony",5th   of 18 Floors,,,0 to 1 Year Old,https://www.99acres.com/2-bhk-bedroom-apartment-flat-for-sale-in-asf-isle-de-royale-gwal-pahari-gurgaon-1371-sq-ft-spid-F81712422,"[""Sector 55-56 Metro Station\nSouth point Mall\nFaridabad - Gurgaon Rd\nNH 148A\nPathways School Gurgaon\nLingaya's Lalita Devi Institute""]","Transaction Type: :, Resale | Property Ownership: :, Freehold | Power Backup: :, None | Property Code: :, F81712422",Gwal Pahari
8450,Private Builder Floor,"Private Builder Floor
Rosewood City, Gurgaon","₹ 4 Crore
@ 11,428 per sq.ft. (All inclusive, Negotiable) View Price Details","Super Built up area 3500
(325.16 sq.m.)
Built Up area: 3400 sq.ft. (315.87 sq.m.)
Carpet area: 3300 sq.ft. (306.58 sq.m.)  
sq.ft.","4 Bedrooms , 4 Bathrooms, 2 Balconies with Servant Room",4th   of 4 Floors,North-East,"Park/Garden,Club,Main Road",0 to 1 Year Old,https://www.99acres.com/4-bhk-bedroom-independent-builder-floor-for-sale-in-rosewood-city-gurgaon-3500-sq-ft-spid-Y78852853,['Sri Radhe Krishna Temple\nStandard chartered ATM\nIcici bank ATM\nDivine Look Clinic Centre\nSkin Clinic\nDr. Naresh Pandita'],"Property Ownership: :, Freehold | Flooring: :, Stone | Furnishing: :, Semifurnished | Width of facing road: :, 60.0 Feet | Gated Community: :, Yes | Corner Property: :, Yes | Parking: :, 2 Covered | Water Source: :, Municipal corporation,24*7 Water | Power Backup: :, Full | Property Code: :, Y78852853", private
8459,PRIVATE BUILDER FLOOR,"PRIVATE BUILDER FLOOR
Rosewood City, Gurgaon","₹ 2.9 Crore
@ 9,666 per sq.ft. (All inclusive, Negotiable) View Price Details","Super Built up area 3000
(278.71 sq.m.)
Built Up area: 2900 sq.ft. (269.42 sq.m.)
Carpet area: 2800 sq.ft. (260.13 sq.m.)  
sq.ft.","4 Bedrooms , 4 Bathrooms, 2 Balconies with Servant Room",4th   of 4 Floors,North-East,"Park/Garden,Club,Main Road",0 to 1 Year Old,https://www.99acres.com/4-bhk-bedroom-independent-builder-floor-for-sale-in-rosewood-city-gurgaon-3000-sq-ft-spid-Q78852191,['Sri Radhe Krishna Temple\nStandard chartered ATM\nIcici bank ATM\nDivine Look Clinic Centre\nSkin Clinic\nDr. Naresh Pandita'],"Property Ownership: :, Freehold | Flooring: :, Stone | Furnishing: :, Semifurnished | Width of facing road: :, 60.0 Feet | Gated Community: :, Yes | Corner Property: :, Yes | Parking: :, 2 Covered | Water Source: :, Municipal corporation,24*7 Water | Power Backup: :, Full | Property Code: :, Q78852191", private
8471,"Urban Estate, Gurgaon","Urban Estate, Gurgaon","₹ 2.35 Crore
@ 15,666 per sq.ft. (Negotiable)","Carpet area: 1500
(139.35 sq.m.)  
sq.ft.","3 Bedrooms , 3 Bathrooms, 2 Balconies",4th   of 4 Floors,East,,1 to 5 Year Old,https://www.99acres.com/3-bhk-bedroom-independent-builder-floor-for-sale-in-urban-estate-gurgaon-1500-sq-ft-spid-G81288067,['Chintapurni Mandir\nState bank ATM\nKr Dental Hub\nJain Sant Phool Chand Ji Charitable Hospital\nDr. Ashok Jain'],"Property Ownership: :, Freehold | Flooring: :, Others | Furnishing: :, Semifurnished | Gated Community: :, Yes | Parking: :, 2 Covered | Power Backup: :, None | Property Code: :, G81288067",Unknown
8543,Top floor Terrace,"Top floor Terrace
DLF Phase 1, Gurgaon","₹ 4.9 Crore+ Govt Charges & Tax
@ 17,229 per sq.ft. (All inclusive, Negotiable) View Price Details","Carpet area: 2844
(264.22 sq.m.)  
sq.ft.","4 Bedrooms , 5 Bathrooms, 3+ Balconies with Pooja Room,Study Room,Servant Room",4th   of 4 Floors,North-West,"Pool,Park/Garden,Club,Main Road,Others",1 to 5 Year Old,https://www.99acres.com/4-bhk-bedroom-independent-builder-floor-for-sale-in-dlf-phase-1-gurgaon-2844-sq-ft-spid-T80983525,['Guru dronacharya metro station\nDlf phase 1 metro station\nSikandarpur rmrg metro station\nSikanderpur metro station'],"Property Ownership: :, Freehold | Flooring: :, Marble | Furnishing: :, Furnished | Width of facing road: :, 40.0 Feet | Gated Community: :, Yes | Corner Property: :, Yes | Parking: :, 3 Covered, 4 Open | Water Source: :, Municipal corporation,24*7 Water,Borewell/Tank | Power Backup: :, Full | Property Code: :, T80983525", top
8568,"Koyal Vihar, Gurgaon","Koyal Vihar, Gurgaon","₹ 5 Crore+ Govt Charges & Tax
@ 1,46,198 per sq.yards (Negotiable)","Carpet area: 342
(285.96 sq.m.)  
sq.yards","4 Bedrooms , 4 Bathrooms, 2 Balconies with Others",4th   of 4 Floors,North-East,Main Road,0 to 1 Year Old,https://www.99acres.com/4-bhk-bedroom-independent-builder-floor-for-sale-in-koyal-vihar-gurgaon-3078-sq-ft-spid-E80824469,['Hong Kong Bazaar Mall\nRadhakrishna Shani Mandir\nHanuman Mandir\nStandard chartered ATM\nHdfc bank ATM'],"Property Ownership: :, Freehold | Flooring: :, Marble | Furnishing: :, Furnished | Gated Community: :, Yes | Parking: :, 2 Covered | Pet Friendly: :, Yes | Water Source: :, Municipal corporation | Power Backup: :, Full | Property Code: :, E80824469",Unknown
8575,Suncity Vatsal Valley,"Suncity Vatsal Valley
Gwal Pahari, Gurgaon","₹ 2.49 Crore
@ 11,017 per sq.ft. (All inclusive, Negotiable) View Price Details","Super Built up area 2260
(209.96 sq.m.)
Carpet area: 1450 sq.ft. (134.71 sq.m.)  
sq.ft.","3 Bedrooms , 3 Bathrooms, 3 Balconies",3rd   of 4 Floors,West,Others,1 to 5 Year Old,https://www.99acres.com/3-bhk-bedroom-independent-builder-floor-for-sale-in-suncity-vatsal-valley-gwal-pahari-gurgaon-2260-sq-ft-r1-spid-X79365751,['Sector 55-56 Metro Station\nSector 54 Chowk Metro Station\nCentral Plaza Mall\nFaridabad - Gurgaon Road\nBadshahpur Sohna Rd Hwy'],"Property Ownership: :, Freehold | Flooring: :, Marble | Furnishing: :, Semifurnished | Gated Community: :, Yes | Parking: :, 2 Covered, 1 Open | WheelChair Friendly: :, Yes | Pet Friendly: :, Yes | Water Source: :, Municipal corporation,Borewell/Tank,24*7 Water | Power Backup: :, Full | Property Code: :, X79365751",Gwal Pahari
8761,"DLF Cyber City, Gurgaon","DLF Cyber City, Gurgaon","₹ 5 Crore+ Govt Charges & Tax
@ 1,66,666 per sq.ft. (All inclusive, Negotiable) View Price Details","Carpet area: 300
(27.87 sq.m.)  
sq.ft.","4 Bedrooms , 4 Bathrooms, 2 Balconies with Pooja Room,Study Room,Servant Room",3rd   of 4 Floors,,"Park/Garden,Club,Main Road",0 to 1 Year Old,https://www.99acres.com/4-bhk-bedroom-independent-builder-floor-for-sale-in-dlf-cyber-city-gurgaon-300-sq-ft-spid-Q82526090,['Indusind bank cyber city metro station\nVodafone belvedere towers metro station\nDlf phase 3 metro station\nMicromax moulsari avenue metro station'],"Property Ownership: :, Freehold | Flooring: :, Marble | Furnishing: :, Semifurnished | Gated Community: :, Yes | Corner Property: :, Yes | Pet Friendly: :, Yes | Power Backup: :, Full | Property Code: :, Q82526090",DLF Cyber City
8800,"Block A New Palam Vihar Phase 2, Gurgaon","Block A New Palam Vihar Phase 2, Gurgaon","₹ 2.8 Crore
@ 1,02,941 per sq.yards (All inclusive)","Carpet area: 272
(227.43 sq.m.)  
sq.yards","4 Bedrooms , 4 Bathrooms, 3+ Balconies",1st   of 4 Floors,North,"Main Road,Park/Garden",0 to 1 Year Old,https://www.99acres.com/4-bhk-bedroom-independent-builder-floor-for-sale-in-block-a-new-palam-vihar-phase-2-gurgaon-2448-sq-ft-spid-Y83012600,['Palam Vihar Vyapar kendra\nPalam triangle\nHUDA Sector 23 Market\nRam Mandir\nKalyan Hospital Gurgaon\nMetro Hospital and Heart Institute Gurgaon'],"Property Ownership: :, Freehold | Flooring: :, Ceramic | Furnishing: :, Semifurnished | Width of facing road: :, 29.5 Feet | Water Source: :, Borewell/Tank,24*7 Water | Power Backup: :, Full | Property Code: :, Y83012600",New Palam Vihar
8900,Brand new ultra luxury builder floor,"Brand new ultra luxury builder floor
DLF Phase 1, Gurgaon","₹ 4.75 Crore+ Govt Charges & Tax
@ 17,592 per sq.ft. (All inclusive, Negotiable) View Price Details","Super Built up area 2700
(250.84 sq.m.)
Carpet area: 2300 sq.ft. (213.68 sq.m.)  
sq.ft.","4 Bedrooms , 4 Bathrooms, 2 Balconies with Servant Room",3rd   of 4 Floors,North-East,"Main Road,Others",0 to 1 Year Old,https://www.99acres.com/4-bhk-bedroom-independent-builder-floor-for-sale-in-dlf-phase-1-gurgaon-2700-sq-ft-spid-P83400618,['Guru dronacharya metro station\nDlf phase 1 metro station\nSikandarpur rmrg metro station\nSikanderpur metro station'],"Property Ownership: :, Freehold | Flooring: :, Marble | Furnishing: :, Furnished | Width of facing road: :, 39.4 Feet | Gated Community: :, Yes | Parking: :, 2 Covered, 1 Open | WheelChair Friendly: :, Yes | Pet Friendly: :, Yes | Water Source: :, Municipal corporation,24*7 Water | Power Backup: :, None | Property Code: :, P83400618", brand
8903,Brand new ultra luxury builder floor,"Brand new ultra luxury builder floor
DLF Phase 1, Gurgaon","₹ 4.95 Crore+ Govt Charges & Tax
@ 21,521 per sq.ft. (All inclusive, Negotiable) View Price Details","Super Built up area 2700
(250.84 sq.m.)
Carpet area: 2300 sq.ft. (213.68 sq.m.)  
sq.ft.","4 Bedrooms , 4 Bathrooms, 2 Balconies with Servant Room",1st   of 4 Floors,North,"Main Road,Others",0 to 1 Year Old,https://www.99acres.com/4-bhk-bedroom-independent-builder-floor-for-sale-in-dlf-phase-1-gurgaon-2700-sq-ft-spid-L82649694,['Guru dronacharya metro station\nDlf phase 1 metro station\nSikandarpur rmrg metro station\nSikanderpur metro station'],"Property Ownership: :, Freehold | Flooring: :, Marble | Furnishing: :, Furnished | Width of facing road: :, 39.4 Feet | Gated Community: :, Yes | Parking: :, 2 Covered, 1 Open | WheelChair Friendly: :, Yes | Pet Friendly: :, Yes | Water Source: :, Municipal corporation,24*7 Water | Power Backup: :, Full | Property Code: :, L82649694", brand
8904,Brand new ultra luxury builder floor,"Brand new ultra luxury builder floor
DLF Phase 1, Gurgaon","₹ 4.4 Crore+ Govt Charges & Tax
@ 19,130 per sq.ft. (All inclusive, Negotiable) View Price Details","Super Built up area 2700
(250.84 sq.m.)
Carpet area: 2300 sq.ft. (213.68 sq.m.)  
sq.ft.","4 Bedrooms , 4 Bathrooms, 2 Balconies with Servant Room",3rd   of 4 Floors,North-East,"Main Road,Others",0 to 1 Year Old,https://www.99acres.com/4-bhk-bedroom-independent-builder-floor-for-sale-in-dlf-phase-1-gurgaon-2700-sq-ft-spid-C82649258,['Guru dronacharya metro station\nDlf phase 1 metro station\nSikandarpur rmrg metro station\nSikanderpur metro station'],"Property Ownership: :, Freehold | Flooring: :, Marble | Furnishing: :, Furnished | Width of facing road: :, 39.4 Feet | Gated Community: :, Yes | Parking: :, 2 Covered, 1 Open | WheelChair Friendly: :, Yes | Pet Friendly: :, Yes | Water Source: :, Municipal corporation,24*7 Water | Power Backup: :, Full | Property Code: :, C82649258", brand
8905,Brand new ultra luxury builder floor,"Brand new ultra luxury builder floor
DLF Phase 1, Gurgaon","₹ 4.99 Crore+ Govt Charges & Tax
@ 25,589 per sq.ft. (All inclusive, Negotiable) View Price Details","Super Built up area 2430
(225.75 sq.m.)
Carpet area: 1950 sq.ft. (181.16 sq.m.)  
sq.ft.","4 Bedrooms , 4 Bathrooms, 2 Balconies with Servant Room",4th   of 4 Floors,South-East,"Others,Main Road",0 to 1 Year Old,https://www.99acres.com/4-bhk-bedroom-independent-builder-floor-for-sale-in-dlf-phase-1-gurgaon-2430-sq-ft-spid-G82648240,['Guru dronacharya metro station\nDlf phase 1 metro station\nSikandarpur rmrg metro station\nSikanderpur metro station'],"Property Ownership: :, Freehold | Flooring: :, Marble | Furnishing: :, Furnished | Width of facing road: :, 39.4 Feet | Gated Community: :, Yes | Parking: :, 2 Covered, 1 Open | WheelChair Friendly: :, Yes | Pet Friendly: :, Yes | Water Source: :, Municipal corporation,24*7 Water | Power Backup: :, Full | Property Code: :, G82648240", brand
8906,Brand New Ultra Luxury Builder Floor,"Brand New Ultra Luxury Builder Floor
DLF Phase 1, Gurgaon","₹ 4.7 Crore+ Govt Charges & Tax
@ 24,102 per sq.ft. (All inclusive, Negotiable) View Price Details","Super Built up area 2430
(225.75 sq.m.)
Carpet area: 1950 sq.ft. (181.16 sq.m.)  
sq.ft.","4 Bedrooms , 4 Bathrooms, 2 Balconies with Servant Room",1st   of 4 Floors,South-East,"Others,Main Road",0 to 1 Year Old,https://www.99acres.com/4-bhk-bedroom-independent-builder-floor-for-sale-in-dlf-phase-1-gurgaon-2430-sq-ft-spid-P82647776,['Guru dronacharya metro station\nDlf phase 1 metro station\nSikandarpur rmrg metro station\nSikanderpur metro station'],"Property Ownership: :, Freehold | Flooring: :, Marble | Furnishing: :, Furnished | Width of facing road: :, 39.4 Feet | Gated Community: :, Yes | Parking: :, 2 Covered, 1 Open | WheelChair Friendly: :, Yes | Pet Friendly: :, Yes | Water Source: :, Municipal corporation,24*7 Water | Power Backup: :, Full | Property Code: :, P82647776", brand
8907,Brand new ultra luxury builder floor,"Brand new ultra luxury builder floor
DLF Phase 1, Gurgaon","₹ 4.45 Crore+ Govt Charges & Tax
@ 22,820 per sq.ft. (All inclusive, Negotiable) View Price Details","Super Built up area 2430
(225.75 sq.m.)
Carpet area: 1950 sq.ft. (181.16 sq.m.)  
sq.ft.","4 Bedrooms , 3 Bathrooms, 2 Balconies with Servant Room",3rd   of 4 Floors,North,"Main Road,Others",0 to 1 Year Old,https://www.99acres.com/4-bhk-bedroom-independent-builder-floor-for-sale-in-dlf-phase-1-gurgaon-2430-sq-ft-spid-R82628366,['Guru dronacharya metro station\nDlf phase 1 metro station\nSikandarpur rmrg metro station\nSikanderpur metro station'],"Property Ownership: :, Freehold | Flooring: :, Marble | Furnishing: :, Furnished | Width of facing road: :, 39.4 Feet | Gated Community: :, Yes | Parking: :, 2 Covered, 1 Open | WheelChair Friendly: :, Yes | Pet Friendly: :, Yes | Water Source: :, Municipal corporation,24*7 Water | Power Backup: :, None | Property Code: :, R82628366", brand
8966,"Urban Estate, Gurgaon","Urban Estate, Gurgaon","₹ 2.29 Crore+ Govt Charges & Tax
@ 11,624 per sq.ft. (All inclusive, Negotiable) View Price Details","Carpet area: 1970
(183.02 sq.m.)  
sq.ft.","3 Bedrooms , 3 Bathrooms, 2 Balconies with Pooja Room",3rd   of 4 Floors,North,Main Road,0 to 1 Year Old,https://www.99acres.com/3-bhk-bedroom-independent-builder-floor-for-sale-in-urban-estate-gurgaon-1970-sq-ft-r1-spid-Y80648223,['Chintapurni Mandir\nState bank ATM\nKr Dental Hub\nJain Sant Phool Chand Ji Charitable Hospital\nDr. Ashok Jain'],"Property Ownership: :, Freehold | Flooring: :, Vitrified | Furnishing: :, Semifurnished | Width of facing road: :, 59.1 Feet | Parking: :, 2 Covered, 1 Open | WheelChair Friendly: :, Yes | Pet Friendly: :, Yes | Water Source: :, Municipal corporation,24*7 Water | Power Backup: :, None | Property Code: :, Y80648223",Unknown
9268,HCS The Leaf,"HCS The Leaf
Gwal Pahari, Gurgaon","₹ 71.5 Lac
@ 4,612 per sq.ft. (Negotiable) View Price Details","Super Built up area 1550
(144 sq.m.)
Built Up area: 1500 sq.ft. (139.35 sq.m.)
Carpet area: 1450 sq.ft. (134.71 sq.m.)  
sq.ft.","3 Bedrooms , 3 Bathrooms, 2 Balconies with Pooja Room",2nd   of 4 Floors,East,"Main Road,Park/Garden,Others",0 to 1 Year Old,https://www.99acres.com/3-bhk-bedroom-independent-builder-floor-for-sale-in-hcs-the-leaf-gwal-pahari-gurgaon-1550-sq-ft-spid-Y80560455,['SHIV MANDIR BALIYAWAS\nHANUMAN MANDIR\nParivar Clinic\nJanki Max Hospital\nFlorence Farm\nIntellion Park'],"Property Ownership: :, Freehold | Flooring: :, Vitrified | Furnishing: :, Semifurnished | Width of facing road: :, 25.0 Feet | Gated Community: :, Yes | Corner Property: :, Yes | Parking: :, 1 Covered, 1 Open | WheelChair Friendly: :, Yes | Pet Friendly: :, Yes | Water Source: :, Municipal corporation,Borewell/Tank,24*7 Water | Power Backup: :, Full | Property Code: :, Y80560455",Gwal Pahari
9292,"Patel Nagar, Gurgaon","Patel Nagar, Gurgaon","₹ 85.36 Lac+ Govt Charges & Tax
@ 6,566 per sq.ft. (All inclusive, Negotiable)","Super Built up area 1300
(120.77 sq.m.)
Built Up area: 1250 sq.ft. (116.13 sq.m.)
Carpet area: 1200 sq.ft. (111.48 sq.m.)  
sq.ft.","3 Bedrooms , 2 Bathrooms, 1 Balcony",2nd   of 4 Floors,East,"Park/Garden,Others,Main Road",0 to 1 Year Old,https://www.99acres.com/3-bhk-bedroom-independent-builder-floor-for-sale-in-patel-nagar-gurgaon-1300-sq-ft-spid-J82580132,['Hanuman Mandir\nState bank of india ATM\nHdfc bank ATM\nIcici bank ATM\nAhmed Hospital Multi Speciality\nDayal Eye & Maternity Centre'],"Property Ownership: :, Freehold | Flooring: :, Vitrified | Furnishing: :, Semifurnished | Width of facing road: :, 20.0 Feet | Gated Community: :, Yes | Corner Property: :, Yes | Parking: :, 2 Covered, 1 Open | WheelChair Friendly: :, Yes | Pet Friendly: :, Yes | Water Source: :, Borewell/Tank,24*7 Water,Municipal corporation | Power Backup: :, Partial | Property Code: :, J82580132",Unknown
9355,k block,"k block
DLF Phase 2, Gurgaon","₹ 2.75 Crore
@ 11,000 per sq.ft. (All inclusive) View Price Details","Super Built up area 2500
(232.26 sq.m.)
Built Up area: 2200 sq.ft. (204.39 sq.m.)
Carpet area: 2100 sq.ft. (195.1 sq.m.)  
sq.ft.","3 Bedrooms , 3 Bathrooms, 2 Balconies with Pooja Room,Others",1st   of 2 Floors,South-East,Main Road,5 to 10 Year Old,https://www.99acres.com/3-bhk-bedroom-independent-builder-floor-for-sale-in-dlf-phase-2-gurgaon-2500-sq-ft-spid-M83071166,,"Property Ownership: :, Freehold | Flooring: :, Marble | Furnishing: :, Semifurnished | Width of facing road: :, 39.4 Feet | Gated Community: :, Yes | Corner Property: :, Yes | Parking: :, 2 Open | Pet Friendly: :, Yes | Water Source: :, Municipal corporation,24*7 Water | Power Backup: :, None | Property Code: :, M83071166", k
9476,Suncity Vatsal Valley,"Suncity Vatsal Valley
Gwal Pahari, Gurgaon","₹ 2.25 Crore
@ 15,734 per sq.ft. View Price Details","Carpet area: 1430
(132.85 sq.m.)  
sq.ft.","3 Bedrooms , 3 Bathrooms, 2 Balconies",2nd   of 4 Floors,North-East,Main Road,0 to 1 Year Old,https://www.99acres.com/3-bhk-bedroom-independent-builder-floor-for-sale-in-suncity-vatsal-valley-gwal-pahari-gurgaon-1430-sq-ft-spid-A83106506,['Sector 55-56 Metro Station\nSector 54 Chowk Metro Station\nCentral Plaza Mall\nFaridabad - Gurgaon Road\nBadshahpur Sohna Rd Hwy'],"Property Ownership: :, Freehold | Flooring: :, Vitrified | Furnishing: :, Semifurnished | Gated Community: :, Yes | Parking: :, 1 Covered | Water Source: :, 24*7 Water | Power Backup: :, Full | Property Code: :, A83106506",Gwal Pahari
9594,"Jyoti Park, Gurgaon","Jyoti Park, Gurgaon","₹ 85 Lac+ Govt Charges & Tax
@ 7,083 per sq.ft. (Negotiable)","Carpet area: 1200
(111.48 sq.m.)  
sq.ft.","2 Bedrooms , 2 Bathrooms, 1 Balcony with Pooja Room",1st   of 4 Floors,North,"Main Road,Others",1 to 5 Year Old,https://www.99acres.com/2-bhk-bedroom-independent-builder-floor-for-sale-in-jyoti-park-gurgaon-1200-sq-ft-spid-T83051630,['Dr. Madan Clinic\nShiv Mahima Patient Care Bureau\nAnkur Clinic and Maternity Home\nDev Man Kathuria Clinic\nNavjeevan Hospital and Maternity Centre'],"Property Ownership: :, Freehold | Flooring: :, Ceramic | Furnishing: :, Semifurnished | Width of facing road: :, 25.0 Feet | Parking: :, 1 Covered | WheelChair Friendly: :, Yes | Pet Friendly: :, Yes | Water Source: :, Municipal corporation | Power Backup: :, None | Property Code: :, T83051630",Unknown
